Professional_Status,Sector,Existing_Loan,Total_Acquisition_Price_DT,Repayment_Duration_Years,Monthly_Payment_DT,Documents_Complete,Number_of_Clicks,Time_Spent_Seconds,Approved
Salarié,Secteur Privé,Non,52916.0,6,529.0,False,83,597,0
Professionnel À Usage Privé,Secteur Privé,Oui,54992.0,3,366.0,False,39,396,0
Salarié,Secteur Public,Non,60736.0,4,636.0,True,68,309,0
Salarié Et Professionnel À Usage Privé / Rentier,Secteur Public,Non,8000.0,5,1056.0,True,72,269,0
Salarié,Secteur Privé,Oui,63479.0,7,1414.0,True,48,413,0
Salarié,Secteur Privé,Non,19227.0,7,1535.0,True,73,302,0
Salarié,Secteur Privé,Oui,41178.0,5,1469.0,True,39,506,0
Salarié,Secteur Privé,Non,19853.0,4,1181.0,True,111,303,0
Salarié Et Professionnel À Usage Privé / Rentier,Secteur Public,Non,23718.0,4,408.0,True,62,249,0
Salarié Et Professionnel À Usage Privé / Rentier,Secteur Privé,Non,45255.0,5,1198.0,False,58,171,0
Salarié,Secteur Public,Non,74658.0,5,844.0,True,43,171,0
Salarié,Secteur Privé,Non,30324.0,5,957.0,True,86,607,0
Salarié,Secteur Public,Non,51073.0,6,1126.0,True,54,183,0
Professionnel À Usage Privé,Secteur Public,Non,8000.0,4,925.0,True,51,297,0
Salarié,Secteur Privé,Non,26002.0,5,1447.0,False,31,355,0
Salarié,Secteur Privé,Oui,31119.0,6,465.0,True,78,277,0
Salarié,Secteur Privé,Oui,52521.0,7,1077.0,True,52,394,0
Salarié,Secteur Privé,Oui,30953.0,4,1664.0,True,6,405,0
Salarié,Secteur Privé,Non,61337.0,5,1620.0,True,44,503,0
Salarié,Secteur Privé,Non,37835.0,5,1536.0,True,42,612,0
Salarié,Secteur Public,Non,44889.0,5,250.0,True,60,644,0
Salarié,Secteur Privé,Oui,47700.0,5,1135.0,True,90,16,0
Professionnel À Usage Privé,Secteur Privé,Non,54479.0,4,743.0,True,72,581,0
Salarié Et Professionnel À Usage Privé / Rentier,Secteur Privé,Non,80503.0,4,305.0,True,63,388,1
Salarié,Secteur Privé,Oui,44707.0,4,424.0,True,86,191,0
Salarié,Secteur Privé,Non,34247.0,6,1080.0,False,63,208,1
Salarié,Secteur Public,Non,66541.0,6,658.0,True,60,157,0
Salarié Et Professionnel À Usage Privé / Rentier,Secteur Privé,Oui,76354.0,5,849.0,True,54,335,0
Salarié,Secteur Public,Non,91537.0,4,333.0,True,101,403,1
Salarié,Secteur Privé,Non,58144.0,6,799.0,True,53,399,0
Salarié Et Professionnel À Usage Privé / Rentier,Secteur Privé,Non,20323.0,7,579.0,False,78,100,0
Salarié Et Professionnel À Usage Privé / Rentier,Secteur Privé,Non,20746.0,4,1261.0,False,38,396,1
Salarié,Secteur Public,Non,28112.0,5,250.0,True,81,285,0
Salarié Et Professionnel À Usage Privé / Rentier,Secteur Privé,Oui,55025.0,3,971.0,True,71,347,0
Salarié Et Professionnel À Usage Privé / Rentier,Secteur Public,Non,46263.0,5,995.0,True,99,506,0
Salarié Et Professionnel À Usage Privé / Rentier,Secteur Public,Non,69353.0,6,1298.0,True,57,306,0
Salarié Et Professionnel À Usage Privé / Rentier,Secteur Privé,Non,50283.0,4,250.0,True,39,369,1
Salarié Et Professionnel À Usage Privé / Rentier,Secteur Privé,Non,35758.0,4,1024.0,True,36,200,0
Salarié,Secteur Privé,Non,48633.0,4,293.0,True,76,454,1
Salarié Et Professionnel À Usage Privé / Rentier,Secteur Privé,Oui,34322.0,3,1479.0,True,38,405,0
Salarié,Secteur Privé,Non,51030.0,5,1317.0,True,24,519,0
Salarié,Secteur Privé,Oui,68595.0,5,715.0,True,77,304,0
Salarié,Secteur Privé,Non,59370.0,5,250.0,True,72,324,1
Salarié,Secteur Privé,Non,24839.0,3,863.0,True,94,526,0
Salarié Et Professionnel À Usage Privé / Rentier,Secteur Privé,Oui,42325.0,6,553.0,True,63,437,0
Salarié Et Professionnel À Usage Privé / Rentier,Secteur Privé,Non,35558.0,6,416.0,True,55,313,0
Salarié,Secteur Public,Oui,49211.0,5,843.0,False,18,365,0
Professionnel À Usage Privé,Secteur Privé,Non,54241.0,5,1290.0,True,55,317,0
Salarié,Secteur Privé,Non,84870.0,3,1798.0,False,32,266,0
Salarié,Secteur Privé,Non,59037.0,6,1713.0,True,78,410,0
Professionnel À Usage Privé,Secteur Privé,Non,40101.0,5,854.0,True,64,82,0
Professionnel À Usage Privé,Secteur Public,Non,25079.0,6,978.0,True,50,114,0
Salarié Et Professionnel À Usage Privé / Rentier,Secteur Privé,Non,40579.0,4,250.0,True,17,391,1
Salarié,Secteur Privé,Non,38533.0,3,277.0,True,78,446,1
Salarié Et Professionnel À Usage Privé / Rentier,Secteur Public,Non,54338.0,3,293.0,True,74,432,1
Salarié Et Professionnel À Usage Privé / Rentier,Secteur Privé,Oui,49941.0,6,1273.0,False,59,415,0
Salarié Et Professionnel À Usage Privé / Rentier,Secteur Privé,Non,45572.0,6,1115.0,True,73,517,0
Salarié,Secteur Privé,Non,67834.0,5,739.0,True,69,276,0
Salarié,Secteur Privé,Non,62721.0,6,1029.0,False,16,366,0
Salarié,Secteur Privé,Oui,64520.0,5,795.0,True,71,463,0
Salarié,Secteur Public,Non,22515.0,5,1195.0,True,5,365,0
Salarié Et Professionnel À Usage Privé / Rentier,Secteur Public,Non,80987.0,4,1340.0,True,63,390,0
Salarié,Secteur Privé,Non,70355.0,4,1055.0,True,106,616,0
Professionnel À Usage Privé,Secteur Privé,Oui,24913.0,4,250.0,True,67,10,0
Salarié,Secteur Public,Non,79679.0,4,1320.0,True,51,270,0
Salarié,Secteur Privé,Non,76502.0,5,470.0,True,71,258,0
Salarié,Secteur Privé,Non,48155.0,5,1378.0,True,75,386,0
Salarié,Secteur Privé,Oui,34020.0,7,964.0,False,54,514,0
Professionnel À Usage Privé,Secteur Privé,Non,41639.0,6,1019.0,True,51,379,0
Salarié,Secteur Privé,Non,48282.0,4,1344.0,True,55,320,0
Salarié,Secteur Privé,Oui,50344.0,6,1190.0,True,44,413,0
Salarié,Secteur Privé,Non,57334.0,4,250.0,True,86,162,1
Salarié,Secteur Privé,Non,17575.0,4,582.0,True,43,544,0
Salarié,Secteur Privé,Oui,28165.0,6,1042.0,True,36,396,0
Salarié,Secteur Privé,Oui,10841.0,5,1094.0,True,37,297,0
Salarié,Secteur Privé,Oui,10667.0,3,1188.0,True,98,269,0
Salarié,Secteur Privé,Oui,54694.0,5,340.0,True,65,465,0
Salarié,Secteur Public,Oui,40897.0,3,920.0,True,39,548,0
Professionnel À Usage Privé,Secteur Privé,Non,43550.0,5,1439.0,True,16,347,0
Salarié,Secteur Privé,Oui,11930.0,4,1171.0,False,11,340,1
Salarié Et Professionnel À Usage Privé / Rentier,Secteur Privé,Non,54844.0,4,250.0,True,33,303,1
Professionnel À Usage Privé,Secteur Privé,Non,40018.0,4,1074.0,True,71,368,0
Salarié,Secteur Privé,Non,8000.0,6,1194.0,True,74,443,0
Salarié,Secteur Public,Non,65887.0,4,1407.0,True,60,255,0
Salarié,Secteur Privé,Non,26064.0,6,1162.0,True,76,412,0
Professionnel À Usage Privé,Secteur Public,Non,70536.0,5,250.0,False,49,253,0
Salarié,Secteur Privé,Non,68484.0,6,1190.0,True,37,449,0
Salarié,Secteur Privé,Non,42443.0,5,834.0,False,33,460,0
Salarié Et Professionnel À Usage Privé / Rentier,Secteur Public,Non,53391.0,3,1313.0,False,55,142,0
Salarié,Secteur Privé,Non,23630.0,5,889.0,True,38,78,0
Salarié,Secteur Privé,Non,67191.0,3,1421.0,True,34,317,0
Professionnel À Usage Privé,Secteur Privé,Non,57500.0,3,1333.0,True,63,261,0
Salarié,Secteur Privé,Non,72325.0,6,1043.0,True,55,533,0
Professionnel À Usage Privé,Secteur Privé,Non,64697.0,4,718.0,False,28,189,0
Salarié,Secteur Privé,Oui,69466.0,5,967.0,True,62,254,0
Salarié,Secteur Privé,Non,53357.0,5,883.0,True,62,462,0
Salarié Et Professionnel À Usage Privé / Rentier,Secteur Privé,Non,38999.0,5,697.0,True,16,543,0
Salarié Et Professionnel À Usage Privé / Rentier,Secteur Privé,Non,20463.0,6,480.0,False,67,128,0
Salarié,Secteur Public,Non,54518.0,4,262.0,True,66,557,1
Salarié,Secteur Privé,Oui,68795.0,4,613.0,True,85,135,0
Salarié,Secteur Public,Non,67588.0,5,1028.0,True,63,189,0
Professionnel À Usage Privé,Secteur Privé,Non,66161.0,4,250.0,True,30,324,1
Salarié,Secteur Privé,Non,50688.0,5,1040.0,True,33,210,0
Salarié Et Professionnel À Usage Privé / Rentier,Secteur Privé,Non,8000.0,6,264.0,True,45,573,0
Salarié,Secteur Privé,Oui,84755.0,3,766.0,False,45,73,0
Salarié,Secteur Privé,Non,37173.0,6,386.0,True,64,493,0
Salarié,Secteur Privé,Non,45867.0,7,797.0,True,42,420,0
Salarié Et Professionnel À Usage Privé / Rentier,Secteur Public,Non,54158.0,3,1067.0,False,74,216,0
Salarié,Secteur Privé,Non,82853.0,6,1030.0,True,54,341,0
Salarié,Secteur Privé,Non,21772.0,4,1368.0,True,33,432,0
Salarié,Secteur Privé,Non,85270.0,4,624.0,True,88,529,1
Salarié Et Professionnel À Usage Privé / Rentier,Secteur Privé,Non,34302.0,3,907.0,True,83,369,0
Salarié,Secteur Public,Non,42167.0,4,1170.0,True,40,247,0
Salarié,Secteur Privé,Non,52556.0,5,1131.0,True,94,332,0
Salarié,Secteur Privé,Non,64490.0,7,749.0,True,86,388,0
Salarié,Secteur Privé,Non,57068.0,7,531.0,True,48,342,0
Salarié,Secteur Privé,Non,41684.0,4,560.0,False,27,158,0
Professionnel À Usage Privé,Secteur Privé,Non,41417.0,5,402.0,True,25,417,0
Salarié,Secteur Privé,Non,56644.0,5,1585.0,True,66,564,0
Professionnel À Usage Privé,Secteur Public,Non,39086.0,5,962.0,False,50,340,0
Salarié,Secteur Privé,Non,29558.0,6,597.0,True,71,326,0
Salarié,Secteur Privé,Non,68783.0,6,1596.0,True,91,603,0
Professionnel À Usage Privé,Secteur Privé,Non,20919.0,6,1072.0,True,52,669,0
Salarié,Secteur Privé,Non,19036.0,4,250.0,True,52,393,0
Salarié,Secteur Privé,Non,14716.0,4,1093.0,False,64,496,0
Salarié,Secteur Privé,Oui,72657.0,6,669.0,False,53,310,1
Professionnel À Usage Privé,Secteur Public,Oui,21840.0,5,764.0,True,55,263,0
Professionnel À Usage Privé,Secteur Privé,Non,62842.0,6,784.0,True,25,334,0
Salarié,Secteur Public,Non,36357.0,4,1015.0,True,77,515,0
Salarié,Secteur Public,Non,58838.0,5,889.0,False,56,384,1
Salarié Et Professionnel À Usage Privé / Rentier,Secteur Privé,Non,43373.0,4,751.0,True,23,157,0
Salarié,Secteur Privé,Non,49230.0,6,1235.0,True,122,352,0
Salarié,Secteur Privé,Non,39963.0,7,1115.0,True,34,437,0
Salarié,Secteur Public,Non,53722.0,5,1186.0,True,37,147,0
Professionnel À Usage Privé,Secteur Privé,Non,8000.0,4,497.0,True,47,257,0
Salarié,Secteur Public,Oui,77252.0,5,1292.0,True,14,461,0
Salarié,Secteur Privé,Non,19219.0,7,516.0,True,49,257,0
Professionnel À Usage Privé,Secteur Public,Non,30165.0,5,779.0,True,31,392,0
Professionnel À Usage Privé,Secteur Privé,Oui,67025.0,5,943.0,True,43,91,0
Salarié Et Professionnel À Usage Privé / Rentier,Secteur Privé,Non,47477.0,5,1129.0,False,33,481,0
Salarié Et Professionnel À Usage Privé / Rentier,Secteur Privé,Oui,45572.0,6,471.0,True,62,388,0
Salarié Et Professionnel À Usage Privé / Rentier,Secteur Privé,Non,46971.0,7,839.0,True,18,490,0
Salarié,Secteur Privé,Non,33883.0,4,1156.0,True,95,10,0
Professionnel À Usage Privé,Secteur Privé,Oui,88225.0,6,1260.0,True,42,221,0
Salarié,Secteur Privé,Oui,49325.0,5,816.0,True,39,552,0
Salarié,Secteur Public,Non,64329.0,7,407.0,False,69,227,0
Salarié,Secteur Public,Non,80585.0,5,777.0,True,97,618,0
Salarié,Secteur Privé,Non,46687.0,6,887.0,True,52,356,0
Salarié,Secteur Privé,Non,33367.0,3,314.0,True,19,346,0
Salarié,Secteur Public,Non,87784.0,6,1223.0,True,78,168,0
Salarié,Secteur Public,Non,88536.0,4,1199.0,True,19,392,0
Professionnel À Usage Privé,Secteur Privé,Oui,15939.0,6,1322.0,False,69,347,1
Salarié,Secteur Privé,Oui,72889.0,3,1163.0,False,48,621,0
Salarié,Secteur Privé,Non,44658.0,4,1130.0,False,71,338,0
Salarié,Secteur Public,Non,41990.0,6,740.0,True,43,552,0
Salarié,Secteur Public,Non,56288.0,4,949.0,False,15,418,0
Salarié,Secteur Privé,Oui,62279.0,6,1099.0,True,102,448,0
Salarié,Secteur Privé,Non,15624.0,6,1567.0,True,90,167,0
Salarié,Secteur Privé,Non,76842.0,6,1444.0,True,62,430,0
Salarié,Secteur Privé,Oui,42321.0,4,1352.0,True,54,411,0
Salarié,Secteur Privé,Non,46792.0,3,738.0,True,63,402,0
Salarié,Secteur Privé,Non,44114.0,3,332.0,True,40,486,1
Salarié,Secteur Privé,Non,45027.0,5,966.0,True,77,276,0
Salarié,Secteur Privé,Non,43378.0,3,305.0,True,47,259,1
Professionnel À Usage Privé,Secteur Privé,Non,56969.0,5,968.0,True,36,311,0
Salarié,Secteur Privé,Non,54298.0,3,956.0,True,51,237,0
Salarié,Secteur Privé,Oui,36484.0,4,1689.0,True,44,345,0
Salarié,Secteur Privé,Oui,34071.0,4,1230.0,True,68,123,0
Salarié,Secteur Privé,Non,67456.0,5,250.0,True,89,582,1
Salarié,Secteur Privé,Non,50339.0,5,443.0,True,21,288,0
Salarié,Secteur Public,Oui,26069.0,5,997.0,True,82,449,0
Salarié,Secteur Public,Non,19466.0,4,1443.0,True,85,311,0
Professionnel À Usage Privé,Secteur Privé,Oui,67470.0,7,970.0,False,51,95,1
Salarié,Secteur Public,Non,43582.0,3,726.0,True,38,457,0
Salarié,Secteur Privé,Non,69388.0,4,671.0,True,54,567,0
Professionnel À Usage Privé,Secteur Privé,Oui,21961.0,4,757.0,True,54,124,0
Salarié,Secteur Privé,Non,58617.0,5,946.0,True,99,403,0
Salarié,Secteur Public,Non,35274.0,5,1072.0,True,60,266,0
Salarié,Secteur Privé,Oui,33035.0,5,755.0,True,86,356,0
Salarié,Secteur Public,Non,72070.0,4,720.0,True,64,160,0
Salarié,Secteur Privé,Non,55717.0,5,816.0,True,19,316,0
Salarié,Secteur Privé,Non,66710.0,3,273.0,True,70,297,1
Salarié,Secteur Privé,Non,83996.0,4,1206.0,True,60,412,0
Salarié,Secteur Privé,Non,55216.0,6,397.0,True,22,379,0
Salarié,Secteur Public,Non,60143.0,6,915.0,True,85,794,0
Salarié,Secteur Public,Oui,39470.0,5,937.0,True,39,394,0
Salarié,Secteur Privé,Oui,33934.0,7,969.0,True,37,293,0
Salarié,Secteur Privé,Non,39247.0,4,1353.0,True,123,298,0
Salarié Et Professionnel À Usage Privé / Rentier,Secteur Privé,Non,42653.0,4,1024.0,True,92,385,0
Salarié Et Professionnel À Usage Privé / Rentier,Secteur Privé,Non,36873.0,6,844.0,True,65,533,0
Salarié,Secteur Public,Non,46129.0,5,1284.0,True,30,264,0
Salarié,Secteur Privé,Non,44819.0,5,1472.0,True,29,229,0
Salarié,Secteur Privé,Oui,43835.0,5,987.0,True,75,138,0
Salarié,Secteur Privé,Oui,74231.0,5,1864.0,True,48,339,0
Salarié,Secteur Privé,Non,74329.0,3,316.0,True,72,578,1
Professionnel À Usage Privé,Secteur Privé,Non,8000.0,5,396.0,True,52,150,0
Professionnel À Usage Privé,Secteur Privé,Non,54093.0,3,755.0,True,41,275,0
Salarié,Secteur Public,Non,38655.0,3,620.0,True,54,347,0
Salarié Et Professionnel À Usage Privé / Rentier,Secteur Privé,Non,56421.0,5,250.0,False,43,267,0
Salarié,Secteur Privé,Non,56313.0,6,1468.0,True,43,369,0
Salarié,Secteur Privé,Oui,58389.0,5,789.0,True,35,452,0
Salarié,Secteur Privé,Non,59639.0,4,308.0,True,85,340,1
Salarié Et Professionnel À Usage Privé / Rentier,Secteur Public,Non,36535.0,4,250.0,True,88,608,1
Salarié,Secteur Public,Non,54228.0,6,1280.0,True,38,257,0
Salarié,Secteur Privé,Non,59762.0,3,473.0,True,118,218,1
Salarié,Secteur Privé,Non,70306.0,6,250.0,True,6,220,1
Salarié Et Professionnel À Usage Privé / Rentier,Secteur Public,Non,20545.0,5,1243.0,True,7,275,0
Salarié Et Professionnel À Usage Privé / Rentier,Secteur Privé,Non,67846.0,7,860.0,True,83,301,0
Salarié,Secteur Public,Non,38500.0,4,1555.0,True,86,451,0
Professionnel À Usage Privé,Secteur Public,Non,36125.0,4,1076.0,True,21,312,0
Salarié Et Professionnel À Usage Privé / Rentier,Secteur Privé,Non,45943.0,4,1076.0,True,84,510,0
Salarié,Secteur Privé,Oui,8000.0,6,1041.0,True,6,346,0
Salarié,Secteur Privé,Non,57951.0,4,927.0,True,36,339,0
Salarié Et Professionnel À Usage Privé / Rentier,Secteur Privé,Non,48017.0,3,389.0,True,70,407,1
Professionnel À Usage Privé,Secteur Privé,Non,40889.0,5,1038.0,True,58,459,0
Professionnel À Usage Privé,Secteur Privé,Non,20129.0,4,1079.0,False,30,387,0
Salarié,Secteur Privé,Non,70291.0,6,1009.0,True,50,185,0
Salarié,Secteur Privé,Non,18738.0,5,1242.0,True,67,365,0
Salarié,Secteur Privé,Non,9855.0,4,1146.0,True,42,455,0
Salarié,Secteur Privé,Non,47393.0,3,992.0,True,81,563,0
Professionnel À Usage Privé,Secteur Public,Oui,36807.0,5,1473.0,True,53,275,0
Salarié,Secteur Public,Non,30233.0,5,953.0,False,39,362,0
Salarié Et Professionnel À Usage Privé / Rentier,Secteur Privé,Non,47524.0,5,718.0,True,7,358,0
Salarié,Secteur Privé,Non,46441.0,6,1635.0,True,22,551,0
Salarié,Secteur Privé,Non,37748.0,3,409.0,True,61,579,1
Salarié,Secteur Public,Non,23341.0,4,1085.0,True,56,251,0
Salarié,Secteur Public,Non,8842.0,6,1271.0,True,39,588,0
Salarié,Secteur Privé,Non,37425.0,4,1221.0,True,80,388,0
Professionnel À Usage Privé,Secteur Public,Non,69718.0,5,250.0,True,62,463,1
Salarié,Secteur Public,Non,37505.0,4,537.0,True,5,412,0
Salarié,Secteur Privé,Non,62132.0,5,679.0,True,48,423,0
Salarié,Secteur Privé,Oui,47763.0,5,269.0,True,36,470,0
Salarié,Secteur Privé,Non,42455.0,4,250.0,True,74,406,1
Professionnel À Usage Privé,Secteur Privé,Oui,67991.0,4,694.0,True,59,323,0
Professionnel À Usage Privé,Secteur Privé,Oui,8000.0,5,1519.0,True,22,450,0
Professionnel À Usage Privé,Secteur Public,Oui,30140.0,3,911.0,True,65,537,0
Salarié,Secteur Privé,Non,8000.0,7,866.0,True,81,304,0
Salarié Et Professionnel À Usage Privé / Rentier,Secteur Privé,Oui,38701.0,7,768.0,True,118,72,0
Salarié,Secteur Privé,Non,31376.0,4,1125.0,True,72,454,0
Professionnel À Usage Privé,Secteur Privé,Oui,47692.0,4,1066.0,True,38,385,0
Salarié,Secteur Privé,Oui,39357.0,6,933.0,True,52,641,0
Salarié,Secteur Privé,Non,8000.0,5,1110.0,True,27,354,0
Salarié,Secteur Privé,Non,39383.0,4,899.0,False,21,305,0
Salarié,Secteur Privé,Non,21842.0,3,1532.0,True,19,365,0
Salarié,Secteur Privé,Non,46194.0,4,1414.0,True,42,185,0
Salarié,Secteur Privé,Oui,55963.0,4,881.0,True,7,242,0
Salarié Et Professionnel À Usage Privé / Rentier,Secteur Public,Non,51135.0,4,1124.0,True,24,210,0
Salarié,Secteur Privé,Non,37645.0,5,250.0,True,60,331,0
Salarié,Secteur Privé,Oui,39880.0,5,853.0,True,25,362,0
Salarié,Secteur Privé,Non,78903.0,3,501.0,True,29,27,1
Salarié Et Professionnel À Usage Privé / Rentier,Secteur Public,Non,83835.0,4,758.0,True,97,402,0
Salarié,Secteur Privé,Non,64317.0,4,250.0,True,74,382,1
Salarié Et Professionnel À Usage Privé / Rentier,Secteur Privé,Non,27868.0,6,703.0,True,60,161,0
Salarié,Secteur Public,Oui,15859.0,4,1385.0,True,52,462,0
Professionnel À Usage Privé,Secteur Privé,Non,54478.0,5,272.0,True,38,349,1
Salarié,Secteur Privé,Oui,30338.0,4,1200.0,True,76,505,0
Salarié,Secteur Privé,Non,45561.0,6,858.0,False,65,205,0
Professionnel À Usage Privé,Secteur Privé,Non,54966.0,6,1669.0,True,37,291,0
Salarié,Secteur Privé,Non,54569.0,6,474.0,True,38,122,0
Salarié,Secteur Privé,Non,42290.0,5,1018.0,True,44,339,0
Salarié,Secteur Public,Non,43054.0,3,1238.0,True,71,487,0
Salarié Et Professionnel À Usage Privé / Rentier,Secteur Privé,Non,51862.0,5,814.0,True,25,458,0
Salarié,Secteur Privé,Non,42387.0,5,1135.0,True,94,355,0
Salarié,Secteur Privé,Non,39914.0,6,808.0,True,75,454,0
Salarié,Secteur Public,Non,65004.0,6,1243.0,False,81,80,0
Professionnel À Usage Privé,Secteur Privé,Non,35534.0,6,1087.0,False,30,413,0
Salarié,Secteur Privé,Non,66153.0,6,722.0,True,11,324,0
Salarié,Secteur Public,Non,30991.0,7,351.0,True,44,429,0
Salarié Et Professionnel À Usage Privé / Rentier,Secteur Privé,Oui,40716.0,4,877.0,True,81,582,0
Salarié,Secteur Privé,Oui,70607.0,7,707.0,True,49,524,0
Salarié,Secteur Privé,Non,50115.0,3,250.0,True,33,238,1
Salarié,Secteur Public,Non,43960.0,3,250.0,True,30,31,1
Salarié,Secteur Public,Non,8000.0,5,1157.0,True,73,220,0
Professionnel À Usage Privé,Secteur Public,Non,37649.0,4,497.0,True,65,390,0
Salarié Et Professionnel À Usage Privé / Rentier,Secteur Privé,Non,82852.0,6,1506.0,True,53,509,0
Salarié Et Professionnel À Usage Privé / Rentier,Secteur Public,Oui,63298.0,6,670.0,True,46,305,0
Professionnel À Usage Privé,Secteur Privé,Non,50872.0,3,769.0,True,55,407,0
Salarié,Secteur Public,Non,32660.0,4,889.0,True,55,400,0
Salarié Et Professionnel À Usage Privé / Rentier,Secteur Public,Oui,50702.0,5,1487.0,True,107,261,0
Salarié,Secteur Privé,Oui,31180.0,3,720.0,True,47,124,0
Salarié,Secteur Public,Non,55755.0,4,365.0,True,29,407,0
Salarié,Secteur Public,Non,21623.0,5,1452.0,True,55,212,0
Salarié,Secteur Privé,Oui,34556.0,6,886.0,True,95,344,0
Salarié,Secteur Privé,Oui,52846.0,4,922.0,True,46,197,0
Professionnel À Usage Privé,Secteur Public,Non,52652.0,5,1335.0,True,49,125,0
Salarié,Secteur Public,Oui,57245.0,5,1230.0,True,23,535,0
Salarié,Secteur Privé,Non,26285.0,7,618.0,False,72,520,0
Professionnel À Usage Privé,Secteur Public,Oui,44415.0,4,1220.0,True,62,457,0
Salarié,Secteur Public,Non,71802.0,3,530.0,True,66,645,1
Professionnel À Usage Privé,Secteur Public,Non,45837.0,3,1635.0,True,72,555,0
Salarié,Secteur Privé,Non,31064.0,7,1176.0,False,70,337,1
Salarié,Secteur Public,Oui,41571.0,3,1819.0,False,52,206,1
Salarié,Secteur Privé,Non,65608.0,5,250.0,True,71,510,1
Salarié Et Professionnel À Usage Privé / Rentier,Secteur Privé,Non,34497.0,7,950.0,True,51,387,0
Salarié,Secteur Privé,Non,14998.0,4,1693.0,True,70,505,0
Salarié Et Professionnel À Usage Privé / Rentier,Secteur Privé,Non,57706.0,4,353.0,True,90,336,1
Salarié,Secteur Privé,Oui,56380.0,6,951.0,True,35,228,0
Salarié Et Professionnel À Usage Privé / Rentier,Secteur Privé,Non,55267.0,6,950.0,True,48,334,0
Salarié Et Professionnel À Usage Privé / Rentier,Secteur Public,Non,48069.0,4,1762.0,True,47,208,0
Salarié,Secteur Public,Non,45567.0,3,360.0,True,42,497,1
Salarié,Secteur Privé,Oui,55507.0,4,344.0,False,63,219,0
Salarié Et Professionnel À Usage Privé / Rentier,Secteur Privé,Oui,18948.0,3,912.0,True,15,356,0
Salarié,Secteur Privé,Non,61800.0,4,970.0,True,39,297,0
Salarié,Secteur Privé,Non,48918.0,3,497.0,True,58,394,0
Salarié,Secteur Privé,Oui,44873.0,7,1164.0,True,29,813,0
Salarié Et Professionnel À Usage Privé / Rentier,Secteur Privé,Oui,23113.0,3,876.0,False,71,255,0
Professionnel À Usage Privé,Secteur Public,Non,32871.0,4,1255.0,True,38,366,0
Professionnel À Usage Privé,Secteur Privé,Non,70979.0,4,845.0,False,57,252,0
Salarié,Secteur Privé,Non,39213.0,6,1418.0,True,38,367,0
Salarié,Secteur Privé,Non,45564.0,4,1159.0,True,84,564,0
Salarié,Secteur Privé,Oui,41016.0,6,846.0,True,102,302,0
Salarié,Secteur Privé,Non,52450.0,6,845.0,True,55,552,0
Salarié,Secteur Privé,Oui,60082.0,4,660.0,True,46,505,0
Salarié,Secteur Public,Oui,55564.0,4,469.0,True,53,173,0
Salarié,Secteur Privé,Non,63175.0,6,1110.0,False,46,192,0
Salarié,Secteur Privé,Non,51119.0,4,291.0,True,47,295,1
Salarié,Secteur Privé,Non,30503.0,7,712.0,True,31,354,0
Salarié Et Professionnel À Usage Privé / Rentier,Secteur Public,Oui,71150.0,5,1076.0,False,36,196,1
Salarié,Secteur Privé,Non,53563.0,6,585.0,True,15,11,0
Salarié Et Professionnel À Usage Privé / Rentier,Secteur Privé,Non,49754.0,4,993.0,True,31,453,0
Salarié,Secteur Privé,Non,52046.0,3,1624.0,True,23,553,0
Salarié,Secteur Privé,Non,33255.0,5,770.0,True,74,414,0
Salarié,Secteur Privé,Non,61127.0,6,553.0,True,68,258,0
Salarié,Secteur Privé,Non,30062.0,5,1472.0,True,52,469,0
Salarié,Secteur Privé,Non,53444.0,4,1017.0,True,76,425,0
Salarié,Secteur Privé,Non,28404.0,4,431.0,True,21,318,0
Professionnel À Usage Privé,Secteur Privé,Oui,64291.0,4,989.0,False,53,412,0
Salarié,Secteur Public,Non,67600.0,6,384.0,True,100,281,0
Salarié,Secteur Privé,Non,81852.0,3,326.0,True,52,357,1
Salarié Et Professionnel À Usage Privé / Rentier,Secteur Privé,Non,48823.0,6,1634.0,False,30,116,0
Salarié,Secteur Public,Non,39265.0,5,1271.0,True,66,400,0
Salarié,Secteur Privé,Non,32673.0,3,804.0,True,58,189,0
Salarié,Secteur Privé,Non,40817.0,5,457.0,True,59,298,0
Salarié,Secteur Privé,Oui,70416.0,5,855.0,True,39,700,0
Salarié,Secteur Privé,Non,55046.0,5,1373.0,True,39,229,0
Salarié Et Professionnel À Usage Privé / Rentier,Secteur Public,Non,59521.0,4,521.0,True,76,44,0
Salarié,Secteur Privé,Non,54214.0,3,524.0,True,68,10,0
Salarié Et Professionnel À Usage Privé / Rentier,Secteur Public,Non,38832.0,4,914.0,True,47,451,0
Salarié,Secteur Public,Oui,40598.0,3,1119.0,True,85,10,0
Salarié Et Professionnel À Usage Privé / Rentier,Secteur Public,Oui,23362.0,5,1509.0,False,83,204,0
Professionnel À Usage Privé,Secteur Privé,Non,59746.0,7,1249.0,True,48,368,0
Salarié Et Professionnel À Usage Privé / Rentier,Secteur Public,Non,78907.0,4,451.0,True,72,281,1
Salarié,Secteur Privé,Non,24949.0,6,1117.0,False,52,218,0
Salarié,Secteur Privé,Oui,48349.0,5,909.0,True,133,257,0
Salarié,Secteur Privé,Non,55850.0,5,1284.0,True,27,651,0
Professionnel À Usage Privé,Secteur Privé,Oui,65553.0,6,1075.0,True,54,265,0
Salarié Et Professionnel À Usage Privé / Rentier,Secteur Privé,Non,50066.0,5,788.0,True,64,162,0
Salarié Et Professionnel À Usage Privé / Rentier,Secteur Privé,Non,70272.0,7,781.0,False,55,234,0
Salarié Et Professionnel À Usage Privé / Rentier,Secteur Privé,Oui,22018.0,3,1499.0,False,24,421,1
Salarié,Secteur Public,Non,32242.0,5,1044.0,True,76,211,0
Professionnel À Usage Privé,Secteur Privé,Oui,48391.0,6,955.0,True,88,550,0
Salarié Et Professionnel À Usage Privé / Rentier,Secteur Privé,Oui,29192.0,5,838.0,True,23,279,0
Salarié,Secteur Public,Non,49511.0,4,464.0,True,87,157,0
Professionnel À Usage Privé,Secteur Privé,Non,32456.0,4,1235.0,True,52,267,0
Salarié Et Professionnel À Usage Privé / Rentier,Secteur Public,Oui,55174.0,5,1136.0,True,74,624,0
Professionnel À Usage Privé,Secteur Public,Non,54291.0,6,735.0,True,46,296,0
Salarié,Secteur Public,Non,31285.0,6,825.0,True,39,264,0
Salarié,Secteur Privé,Non,32982.0,3,1090.0,True,60,176,0
Salarié,Secteur Privé,Non,81006.0,4,1294.0,True,24,346,0
Professionnel À Usage Privé,Secteur Public,Non,28724.0,5,1302.0,True,59,335,0
Salarié Et Professionnel À Usage Privé / Rentier,Secteur Privé,Oui,52552.0,7,997.0,True,61,361,0
Professionnel À Usage Privé,Secteur Public,Non,51243.0,3,1396.0,True,85,403,0
Salarié,Secteur Privé,Non,49155.0,4,817.0,True,83,568,0
Salarié,Secteur Privé,Oui,56793.0,4,771.0,True,50,364,0
Professionnel À Usage Privé,Secteur Privé,Oui,78691.0,4,250.0,True,41,377,0
Salarié,Secteur Privé,Non,81659.0,3,641.0,True,49,493,1
Salarié,Secteur Privé,Non,40947.0,5,699.0,True,91,577,0
Salarié,Secteur Privé,Non,51229.0,5,1177.0,True,33,521,0
Salarié,Secteur Privé,Non,36978.0,4,856.0,True,23,581,0
Salarié,Secteur Privé,Non,98122.0,5,791.0,True,58,222,0
Salarié Et Professionnel À Usage Privé / Rentier,Secteur Privé,Oui,48732.0,7,942.0,True,90,346,0
Salarié,Secteur Public,Non,61572.0,5,1603.0,True,80,522,0
Salarié,Secteur Privé,Non,38450.0,6,1125.0,True,36,102,0
Professionnel À Usage Privé,Secteur Privé,Non,9308.0,5,1118.0,True,60,270,0
Salarié,Secteur Public,Non,41196.0,6,635.0,True,62,435,0
Salarié Et Professionnel À Usage Privé / Rentier,Secteur Privé,Oui,61467.0,4,1525.0,True,35,425,0
Professionnel À Usage Privé,Secteur Privé,Non,28041.0,7,864.0,True,51,220,0
Salarié,Secteur Privé,Oui,20768.0,7,1101.0,True,50,594,0
Salarié,Secteur Privé,Non,14319.0,6,911.0,True,14,368,0
Salarié,Secteur Privé,Oui,33706.0,4,1148.0,True,70,544,0
Professionnel À Usage Privé,Secteur Privé,Non,28555.0,6,1035.0,True,105,117,0
Salarié,Secteur Privé,Oui,57564.0,3,1262.0,False,85,54,0
Salarié,Secteur Privé,Non,45603.0,5,988.0,True,66,546,0
Salarié,Secteur Privé,Non,71874.0,5,658.0,True,52,178,0
Salarié,Secteur Privé,Oui,29545.0,6,1138.0,True,5,318,0
Salarié,Secteur Privé,Non,31203.0,6,1429.0,False,46,251,0
Salarié,Secteur Public,Non,38470.0,4,318.0,True,45,368,1
Salarié,Secteur Privé,Non,27811.0,7,853.0,False,34,147,1
Salarié,Secteur Privé,Oui,35804.0,4,835.0,True,48,550,0
Salarié,Secteur Public,Non,51485.0,4,254.0,True,111,253,1
Salarié,Secteur Public,Oui,75431.0,5,1481.0,True,52,405,0
Salarié,Secteur Privé,Oui,18109.0,3,928.0,True,52,507,0
Salarié,Secteur Privé,Non,41498.0,7,250.0,True,118,571,0
Salarié,Secteur Public,Non,24466.0,5,1284.0,True,76,333,0
Professionnel À Usage Privé,Secteur Privé,Non,61407.0,7,451.0,True,42,476,0
Salarié Et Professionnel À Usage Privé / Rentier,Secteur Privé,Non,64340.0,5,1825.0,True,42,205,0
Salarié,Secteur Public,Non,51799.0,5,1460.0,True,75,279,0
Salarié,Secteur Privé,Non,67733.0,4,775.0,True,66,407,0
Salarié,Secteur Privé,Non,71362.0,5,257.0,True,49,232,1
Salarié Et Professionnel À Usage Privé / Rentier,Secteur Privé,Non,60489.0,3,488.0,True,69,261,1
Salarié Et Professionnel À Usage Privé / Rentier,Secteur Privé,Non,28109.0,6,383.0,True,49,241,0
Salarié,Secteur Privé,Non,47120.0,4,250.0,True,86,348,1
Salarié,Secteur Public,Non,38723.0,5,788.0,True,62,589,0
Salarié Et Professionnel À Usage Privé / Rentier,Secteur Privé,Non,35695.0,7,546.0,True,24,521,0
Salarié,Secteur Privé,Non,32129.0,6,1196.0,True,26,285,0
Salarié,Secteur Privé,Oui,45591.0,3,1735.0,True,46,252,0
Salarié Et Professionnel À Usage Privé / Rentier,Secteur Privé,Non,15790.0,4,457.0,True,41,423,0
Professionnel À Usage Privé,Secteur Public,Non,42654.0,5,982.0,False,9,414,0
Professionnel À Usage Privé,Secteur Privé,Oui,32579.0,4,915.0,True,56,350,0
Salarié,Secteur Privé,Oui,34443.0,6,669.0,True,102,151,0
Salarié,Secteur Public,Oui,45139.0,5,962.0,True,50,421,0
Salarié Et Professionnel À Usage Privé / Rentier,Secteur Privé,Non,65353.0,3,520.0,True,68,380,1
Professionnel À Usage Privé,Secteur Privé,Non,52021.0,3,839.0,True,55,563,0
Salarié,Secteur Privé,Non,51487.0,5,757.0,True,76,558,0
Salarié,Secteur Privé,Non,57183.0,4,828.0,True,54,198,0
Salarié,Secteur Privé,Non,43112.0,4,985.0,False,42,385,0
Salarié,Secteur Public,Non,62028.0,5,250.0,True,78,337,1
Professionnel À Usage Privé,Secteur Privé,Oui,34140.0,4,641.0,False,54,292,1
Salarié,Secteur Privé,Non,55315.0,6,1202.0,True,46,574,0
Salarié,Secteur Privé,Non,37442.0,5,305.0,True,16,360,0
Salarié,Secteur Privé,Non,29896.0,5,1474.0,True,78,515,0
Salarié,Secteur Privé,Oui,58579.0,7,1049.0,True,42,341,0
Professionnel À Usage Privé,Secteur Public,Oui,59040.0,6,1460.0,True,50,526,0
Professionnel À Usage Privé,Secteur Public,Oui,45151.0,6,716.0,True,30,418,0
Salarié Et Professionnel À Usage Privé / Rentier,Secteur Public,Non,73771.0,3,250.0,True,62,271,1
Salarié Et Professionnel À Usage Privé / Rentier,Secteur Privé,Non,38553.0,5,1111.0,True,25,354,0
Salarié,Secteur Privé,Oui,49917.0,5,980.0,False,88,159,0
Salarié,Secteur Public,Oui,57844.0,6,1183.0,False,52,354,0
Salarié,Secteur Privé,Non,17120.0,5,711.0,True,48,165,0
Salarié,Secteur Privé,Non,51834.0,5,1446.0,True,59,251,0
Salarié,Secteur Privé,Non,56847.0,5,721.0,True,58,230,0
Salarié,Secteur Privé,Non,54744.0,3,382.0,True,76,320,1
Salarié,Secteur Privé,Non,42087.0,5,991.0,True,102,229,0
Salarié Et Professionnel À Usage Privé / Rentier,Secteur Privé,Non,26740.0,6,1365.0,True,48,233,0
Salarié,Secteur Privé,Non,66704.0,5,1242.0,True,52,345,0
Salarié,Secteur Privé,Non,51816.0,3,322.0,True,57,268,1
Salarié,Secteur Public,Non,25687.0,5,1386.0,True,99,389,0
Salarié,Secteur Privé,Non,42773.0,4,1057.0,True,104,376,0
Salarié,Secteur Privé,Non,37322.0,4,614.0,True,33,435,0
Salarié,Secteur Privé,Oui,40459.0,5,1346.0,True,38,529,0
Professionnel À Usage Privé,Secteur Privé,Oui,35780.0,4,854.0,False,63,262,0
Professionnel À Usage Privé,Secteur Privé,Non,70219.0,5,728.0,True,69,135,0
Salarié,Secteur Privé,Oui,44708.0,7,1378.0,False,5,211,1
Professionnel À Usage Privé,Secteur Privé,Non,66234.0,5,1003.0,False,40,244,0
Salarié,Secteur Privé,Non,56474.0,5,1128.0,True,75,435,0
Professionnel À Usage Privé,Secteur Public,Oui,52207.0,4,250.0,True,144,309,0
Professionnel À Usage Privé,Secteur Privé,Non,40333.0,4,1030.0,True,64,285,0
Salarié,Secteur Privé,Non,44762.0,5,1140.0,True,53,533,0
Salarié,Secteur Privé,Non,72633.0,4,270.0,True,99,354,1
Salarié,Secteur Privé,Non,17025.0,7,947.0,True,23,270,0
Professionnel À Usage Privé,Secteur Privé,Oui,63328.0,7,571.0,False,46,341,0
Salarié,Secteur Privé,Non,67329.0,5,850.0,True,89,242,0
Salarié,Secteur Privé,Non,23639.0,5,590.0,True,45,297,0
Salarié,Secteur Public,Non,68721.0,4,1106.0,True,89,404,0
Salarié Et Professionnel À Usage Privé / Rentier,Secteur Privé,Non,43004.0,6,1072.0,False,42,127,0
Salarié,Secteur Public,Non,35616.0,5,1186.0,True,51,354,0
Salarié,Secteur Privé,Oui,35993.0,5,881.0,True,17,401,0
Salarié Et Professionnel À Usage Privé / Rentier,Secteur Public,Non,29697.0,3,1783.0,True,59,169,0
Salarié,Secteur Public,Non,58227.0,4,1316.0,True,41,323,0
Salarié,Secteur Privé,Non,47093.0,4,867.0,True,52,341,0
Salarié,Secteur Privé,Non,43217.0,3,276.0,True,48,41,1
Salarié,Secteur Privé,Non,13267.0,5,1116.0,True,64,331,0
Salarié,Secteur Privé,Non,52260.0,7,938.0,True,74,132,0
Salarié Et Professionnel À Usage Privé / Rentier,Secteur Privé,Non,53407.0,7,747.0,True,43,170,0
Salarié,Secteur Privé,Oui,65790.0,5,1078.0,True,30,572,0
Salarié,Secteur Privé,Non,33187.0,3,781.0,False,76,350,0
Professionnel À Usage Privé,Secteur Privé,Non,41471.0,4,1710.0,True,58,360,0
Professionnel À Usage Privé,Secteur Public,Non,25737.0,4,1282.0,True,72,393,0
Professionnel À Usage Privé,Secteur Privé,Non,35831.0,5,1110.0,False,80,258,0
Salarié Et Professionnel À Usage Privé / Rentier,Secteur Public,Non,48159.0,4,1521.0,True,93,229,0
Salarié,Secteur Public,Non,53317.0,5,1094.0,True,79,606,0
Salarié,Secteur Public,Oui,15042.0,4,1132.0,False,52,525,0
Salarié,Secteur Privé,Non,72588.0,4,442.0,True,54,332,1
Salarié Et Professionnel À Usage Privé / Rentier,Secteur Privé,Non,54173.0,7,1151.0,True,26,518,0
Salarié,Secteur Privé,Non,29261.0,5,1078.0,True,63,494,0
Professionnel À Usage Privé,Secteur Privé,Non,51570.0,5,749.0,False,71,438,0
Salarié,Secteur Public,Non,49632.0,4,721.0,True,99,411,0
Salarié,Secteur Privé,Non,53195.0,4,250.0,True,101,469,1
Salarié,Secteur Privé,Non,33117.0,6,1403.0,True,94,539,0
Salarié,Secteur Privé,Oui,60004.0,6,1301.0,True,26,51,0
Professionnel À Usage Privé,Secteur Privé,Non,50713.0,6,952.0,True,42,344,0
Professionnel À Usage Privé,Secteur Public,Non,43057.0,3,1212.0,True,12,185,0
Salarié,Secteur Privé,Oui,17106.0,5,1025.0,True,57,408,0
Professionnel À Usage Privé,Secteur Public,Oui,42897.0,5,366.0,True,42,286,0
Salarié,Secteur Privé,Non,18070.0,5,1258.0,True,55,412,0
Salarié,Secteur Public,Non,35014.0,4,1052.0,True,44,587,0
Salarié,Secteur Public,Oui,70793.0,5,827.0,True,94,234,0
Salarié,Secteur Privé,Oui,34881.0,6,1060.0,True,56,439,0
Salarié,Secteur Privé,Oui,22832.0,5,810.0,False,34,298,0
Professionnel À Usage Privé,Secteur Public,Non,27686.0,4,929.0,False,60,197,0
Salarié,Secteur Privé,Oui,38392.0,6,1124.0,True,5,525,0
Professionnel À Usage Privé,Secteur Privé,Non,38302.0,4,953.0,True,38,313,0
Salarié,Secteur Privé,Non,17778.0,5,1175.0,True,84,601,0
Salarié,Secteur Privé,Non,75998.0,5,1512.0,False,53,495,0
Salarié,Secteur Privé,Non,41019.0,4,440.0,True,39,150,0
Salarié,Secteur Public,Non,22535.0,5,905.0,True,63,477,0
Salarié,Secteur Privé,Non,54873.0,7,967.0,True,62,592,0
Salarié Et Professionnel À Usage Privé / Rentier,Secteur Privé,Non,45435.0,5,1038.0,True,32,190,0
Salarié,Secteur Privé,Non,44721.0,6,626.0,True,55,589,0
Salarié,Secteur Privé,Oui,50022.0,4,746.0,True,57,694,0
Professionnel À Usage Privé,Secteur Privé,Oui,34242.0,5,465.0,True,78,413,0
Salarié Et Professionnel À Usage Privé / Rentier,Secteur Public,Oui,52327.0,4,519.0,True,59,417,0
Salarié,Secteur Privé,Non,48162.0,4,1570.0,False,55,423,0
Professionnel À Usage Privé,Secteur Privé,Oui,52801.0,7,549.0,True,90,420,0
Salarié,Secteur Privé,Non,15762.0,3,1350.0,False,57,316,0
Salarié,Secteur Privé,Non,54788.0,4,981.0,True,69,453,0
Salarié,Secteur Privé,Non,42291.0,4,428.0,True,35,326,0
Salarié,Secteur Public,Non,79650.0,6,1127.0,True,29,390,0
Professionnel À Usage Privé,Secteur Privé,Non,14930.0,7,589.0,True,119,171,0
Salarié,Secteur Public,Oui,53352.0,5,1583.0,True,79,385,0
Salarié Et Professionnel À Usage Privé / Rentier,Secteur Public,Non,45776.0,3,972.0,False,69,211,0
Salarié,Secteur Public,Non,59477.0,5,1168.0,False,89,10,0
Salarié,Secteur Privé,Non,13603.0,3,1075.0,True,42,460,0
Salarié,Secteur Public,Non,62635.0,4,294.0,True,39,200,1
Salarié Et Professionnel À Usage Privé / Rentier,Secteur Privé,Non,51196.0,4,419.0,False,33,519,1
Salarié Et Professionnel À Usage Privé / Rentier,Secteur Public,Non,38327.0,5,615.0,False,52,223,0
Salarié,Secteur Privé,Non,19307.0,5,507.0,True,29,446,0
Salarié,Secteur Privé,Non,70500.0,5,345.0,True,97,416,1
Professionnel À Usage Privé,Secteur Public,Non,24941.0,4,250.0,True,54,438,0
Professionnel À Usage Privé,Secteur Public,Non,65970.0,5,990.0,True,24,408,0
Professionnel À Usage Privé,Secteur Public,Non,36169.0,6,488.0,True,61,514,0
Salarié,Secteur Privé,Non,60676.0,4,878.0,True,62,127,0
Salarié Et Professionnel À Usage Privé / Rentier,Secteur Privé,Oui,34767.0,4,993.0,True,63,534,0
Salarié,Secteur Public,Oui,29308.0,4,1052.0,True,47,121,0
Salarié,Secteur Privé,Oui,68390.0,4,1499.0,True,23,414,0
Professionnel À Usage Privé,Secteur Public,Oui,47834.0,5,1378.0,True,74,353,0
Salarié Et Professionnel À Usage Privé / Rentier,Secteur Public,Oui,61250.0,5,846.0,False,52,278,0
Salarié Et Professionnel À Usage Privé / Rentier,Secteur Public,Non,72321.0,4,398.0,True,54,505,1
Salarié,Secteur Privé,Oui,40306.0,6,1106.0,True,74,214,0
Salarié Et Professionnel À Usage Privé / Rentier,Secteur Privé,Non,42937.0,4,1003.0,True,62,311,0
Salarié,Secteur Public,Non,49486.0,5,907.0,True,65,156,0
Salarié,Secteur Public,Oui,42114.0,6,1427.0,True,45,325,0
Salarié,Secteur Privé,Non,26501.0,5,1147.0,True,58,91,0
Salarié,Secteur Privé,Non,27669.0,7,1049.0,True,36,592,0
Salarié,Secteur Privé,Non,31463.0,6,971.0,True,53,341,0
Salarié,Secteur Privé,Non,57281.0,3,430.0,True,71,197,1
Salarié Et Professionnel À Usage Privé / Rentier,Secteur Privé,Oui,31778.0,6,1505.0,True,48,408,0
Salarié,Secteur Public,Non,70424.0,4,1136.0,True,40,174,0
Salarié,Secteur Privé,Non,52813.0,4,996.0,False,73,411,1
Salarié Et Professionnel À Usage Privé / Rentier,Secteur Privé,Oui,27027.0,6,662.0,True,55,336,0
Salarié,Secteur Public,Non,52837.0,7,1455.0,True,5,398,0
Salarié,Secteur Privé,Non,84639.0,5,745.0,True,56,375,0
Professionnel À Usage Privé,Secteur Public,Non,45873.0,4,984.0,True,55,300,0
Salarié,Secteur Public,Non,61064.0,5,1210.0,False,22,492,0
Salarié,Secteur Privé,Non,40822.0,3,256.0,True,19,521,1
Salarié,Secteur Public,Non,55866.0,5,250.0,True,42,497,1
Salarié Et Professionnel À Usage Privé / Rentier,Secteur Public,Non,58568.0,5,1200.0,True,38,389,0
Salarié,Secteur Privé,Non,29119.0,6,486.0,True,48,243,0
Professionnel À Usage Privé,Secteur Privé,Non,42373.0,4,843.0,True,57,601,0
Salarié,Secteur Public,Non,53088.0,6,1148.0,True,86,376,0
Salarié,Secteur Privé,Non,17080.0,4,1052.0,True,84,200,0
Salarié Et Professionnel À Usage Privé / Rentier,Secteur Privé,Non,52554.0,5,942.0,True,41,303,0
Professionnel À Usage Privé,Secteur Privé,Non,40945.0,3,1585.0,False,41,263,0
Salarié,Secteur Public,Non,41949.0,4,1399.0,True,32,113,0
Salarié,Secteur Privé,Non,63087.0,5,1181.0,False,42,421,0
Professionnel À Usage Privé,Secteur Public,Non,39168.0,4,403.0,True,79,460,0
Salarié,Secteur Privé,Non,13723.0,5,937.0,True,51,580,0
Salarié,Secteur Privé,Non,52629.0,4,259.0,True,57,182,1
Salarié,Secteur Public,Oui,24725.0,5,1286.0,False,33,276,0
Salarié,Secteur Privé,Non,12619.0,4,746.0,False,28,300,0
Salarié,Secteur Privé,Oui,40560.0,6,969.0,True,67,307,0
Salarié,Secteur Privé,Oui,65107.0,5,1201.0,True,53,147,0
Salarié Et Professionnel À Usage Privé / Rentier,Secteur Privé,Oui,51224.0,4,548.0,False,51,370,0
Salarié,Secteur Public,Non,23543.0,4,365.0,False,29,263,0
Salarié,Secteur Privé,Non,31999.0,4,1408.0,False,28,282,0
Salarié,Secteur Privé,Non,64958.0,7,1017.0,True,64,438,0
Professionnel À Usage Privé,Secteur Privé,Non,49147.0,4,699.0,True,63,149,0
Professionnel À Usage Privé,Secteur Public,Oui,39461.0,5,1063.0,True,61,241,0
Salarié,Secteur Public,Oui,35597.0,4,866.0,False,49,114,1
Salarié,Secteur Privé,Non,57621.0,5,575.0,True,57,592,0
Salarié,Secteur Privé,Oui,55139.0,4,657.0,True,52,322,0
Salarié Et Professionnel À Usage Privé / Rentier,Secteur Privé,Non,61441.0,5,927.0,True,57,359,0
Salarié,Secteur Public,Oui,55065.0,6,1045.0,True,74,375,0
Salarié Et Professionnel À Usage Privé / Rentier,Secteur Privé,Non,55751.0,4,302.0,True,69,238,1
Salarié,Secteur Privé,Oui,64006.0,6,1375.0,True,71,395,0
Salarié,Secteur Privé,Oui,61726.0,6,1066.0,True,82,634,0
Salarié,Secteur Privé,Oui,54219.0,3,1122.0,True,34,337,0
Salarié,Secteur Privé,Non,82327.0,3,405.0,True,55,387,1
Salarié,Secteur Public,Non,47955.0,5,1010.0,False,53,362,1
Salarié Et Professionnel À Usage Privé / Rentier,Secteur Privé,Non,51496.0,5,534.0,True,49,284,0
Salarié,Secteur Public,Non,68423.0,5,1154.0,True,107,383,0
Professionnel À Usage Privé,Secteur Privé,Non,8000.0,4,456.0,True,61,188,0
Salarié,Secteur Public,Non,61270.0,4,428.0,True,52,375,0
Salarié,Secteur Public,Oui,49726.0,6,1125.0,True,71,288,0
Professionnel À Usage Privé,Secteur Public,Non,52841.0,4,1019.0,True,87,241,0
Professionnel À Usage Privé,Secteur Public,Non,41040.0,4,844.0,True,90,150,0
Salarié,Secteur Public,Non,70734.0,6,250.0,True,71,366,1
Salarié Et Professionnel À Usage Privé / Rentier,Secteur Privé,Non,26576.0,4,623.0,True,49,416,0
Salarié,Secteur Privé,Oui,43894.0,6,1632.0,False,61,379,0
Salarié,Secteur Privé,Non,19928.0,5,998.0,True,5,298,0
Salarié,Secteur Public,Non,36360.0,6,1077.0,True,27,754,0
Salarié,Secteur Privé,Non,48718.0,6,913.0,True,80,401,0
Salarié,Secteur Privé,Oui,67581.0,6,834.0,True,59,252,0
Salarié,Secteur Public,Non,43693.0,5,821.0,True,44,292,0
Salarié,Secteur Privé,Non,60886.0,5,621.0,True,52,536,0
Salarié,Secteur Public,Non,40348.0,4,828.0,True,28,333,0
Salarié,Secteur Public,Oui,48861.0,4,919.0,True,80,547,0
Professionnel À Usage Privé,Secteur Public,Non,45190.0,5,1269.0,True,58,304,0
Professionnel À Usage Privé,Secteur Privé,Oui,30782.0,3,1358.0,False,59,393,0
Professionnel À Usage Privé,Secteur Privé,Non,41627.0,5,1368.0,True,47,325,0
Professionnel À Usage Privé,Secteur Privé,Non,25903.0,6,1453.0,False,64,10,0
Salarié,Secteur Privé,Non,36370.0,5,879.0,True,50,448,0
Salarié Et Professionnel À Usage Privé / Rentier,Secteur Privé,Non,84430.0,4,376.0,True,32,420,1
Salarié,Secteur Privé,Non,73293.0,5,1131.0,True,99,482,0
Salarié Et Professionnel À Usage Privé / Rentier,Secteur Privé,Non,42806.0,5,1014.0,True,55,422,0
Salarié,Secteur Public,Oui,58748.0,3,837.0,True,16,229,0
Salarié Et Professionnel À Usage Privé / Rentier,Secteur Privé,Non,87846.0,5,250.0,True,42,385,1
Salarié,Secteur Public,Non,17872.0,4,1114.0,True,78,221,0
Salarié Et Professionnel À Usage Privé / Rentier,Secteur Privé,Non,23109.0,4,977.0,True,68,404,0
Salarié,Secteur Privé,Non,25243.0,4,394.0,True,57,147,0
Salarié Et Professionnel À Usage Privé / Rentier,Secteur Privé,Non,33047.0,5,803.0,True,24,496,0
Salarié Et Professionnel À Usage Privé / Rentier,Secteur Privé,Oui,80324.0,6,806.0,True,63,256,0
Salarié Et Professionnel À Usage Privé / Rentier,Secteur Privé,Non,76046.0,6,1210.0,True,85,354,0
Salarié,Secteur Privé,Non,44452.0,5,1606.0,True,5,430,0
Professionnel À Usage Privé,Secteur Public,Non,40694.0,6,1173.0,True,55,428,0
Salarié Et Professionnel À Usage Privé / Rentier,Secteur Privé,Oui,8000.0,4,1084.0,True,62,325,0
Salarié Et Professionnel À Usage Privé / Rentier,Secteur Privé,Non,49627.0,5,729.0,True,62,242,0
Salarié,Secteur Privé,Non,28511.0,7,1531.0,True,78,167,0
Salarié,Secteur Privé,Non,39847.0,5,793.0,True,51,429,0
Professionnel À Usage Privé,Secteur Privé,Non,39627.0,3,671.0,True,114,45,0
Professionnel À Usage Privé,Secteur Privé,Non,24355.0,5,994.0,False,60,333,0
Salarié,Secteur Privé,Oui,47736.0,3,1264.0,False,27,182,0
Salarié Et Professionnel À Usage Privé / Rentier,Secteur Privé,Non,76726.0,5,866.0,True,80,217,0
Salarié,Secteur Privé,Non,26481.0,7,630.0,True,29,396,0
Salarié,Secteur Privé,Non,42954.0,4,322.0,True,42,556,1
Salarié,Secteur Public,Non,33895.0,4,1364.0,True,67,154,0
Salarié,Secteur Privé,Oui,54374.0,3,899.0,True,46,693,0
Salarié Et Professionnel À Usage Privé / Rentier,Secteur Privé,Non,72067.0,5,772.0,True,73,413,0
Salarié Et Professionnel À Usage Privé / Rentier,Secteur Public,Non,41746.0,5,276.0,True,84,167,0
Salarié Et Professionnel À Usage Privé / Rentier,Secteur Public,Non,8000.0,5,988.0,True,35,126,0
Salarié,Secteur Privé,Non,41248.0,7,1124.0,False,16,195,1
Salarié,Secteur Privé,Non,38291.0,6,250.0,True,41,305,0
Professionnel À Usage Privé,Secteur Public,Oui,35329.0,4,832.0,True,76,149,0
Salarié,Secteur Privé,Non,60302.0,5,827.0,False,75,460,0
Salarié Et Professionnel À Usage Privé / Rentier,Secteur Public,Non,79416.0,4,634.0,True,79,436,1
Professionnel À Usage Privé,Secteur Privé,Oui,24231.0,5,1366.0,True,5,405,0
Salarié,Secteur Privé,Non,17082.0,4,348.0,True,22,507,0
Salarié,Secteur Privé,Non,31921.0,5,314.0,True,85,368,0
Salarié,Secteur Public,Non,30047.0,4,863.0,True,67,695,0
Salarié Et Professionnel À Usage Privé / Rentier,Secteur Privé,Non,67992.0,4,1229.0,True,16,671,0
Salarié Et Professionnel À Usage Privé / Rentier,Secteur Privé,Non,51948.0,4,250.0,True,35,577,1
Professionnel À Usage Privé,Secteur Public,Non,73227.0,4,1157.0,True,52,91,0
Salarié,Secteur Privé,Non,40223.0,4,407.0,True,95,501,0
Professionnel À Usage Privé,Secteur Privé,Non,51656.0,4,966.0,True,58,209,0
Professionnel À Usage Privé,Secteur Privé,Non,50556.0,4,250.0,True,57,248,1
Salarié,Secteur Public,Oui,10620.0,4,1119.0,True,50,597,0
Salarié,Secteur Privé,Oui,47811.0,3,1291.0,False,59,408,0
Salarié,Secteur Privé,Non,65407.0,3,837.0,True,39,250,0
Salarié,Secteur Privé,Non,57525.0,5,1392.0,False,76,304,0
Salarié Et Professionnel À Usage Privé / Rentier,Secteur Privé,Non,34075.0,5,1233.0,True,40,446,0
Professionnel À Usage Privé,Secteur Privé,Oui,56352.0,3,812.0,True,40,528,0
Salarié,Secteur Privé,Non,60640.0,5,1024.0,True,79,149,0
Salarié,Secteur Privé,Oui,24739.0,5,445.0,False,88,240,0
Professionnel À Usage Privé,Secteur Public,Non,72486.0,5,1580.0,True,58,171,0
Salarié,Secteur Privé,Non,41610.0,4,860.0,True,86,136,0
Salarié,Secteur Privé,Oui,21631.0,6,1110.0,True,72,262,0
Salarié Et Professionnel À Usage Privé / Rentier,Secteur Privé,Non,52900.0,6,274.0,False,64,218,0
Salarié Et Professionnel À Usage Privé / Rentier,Secteur Privé,Non,26979.0,5,1222.0,False,72,148,0
Salarié,Secteur Privé,Non,63842.0,5,1394.0,False,37,237,1
Salarié,Secteur Privé,Oui,40085.0,4,460.0,True,27,551,0
Professionnel À Usage Privé,Secteur Privé,Oui,57676.0,6,1102.0,False,46,369,0
Professionnel À Usage Privé,Secteur Privé,Non,45916.0,4,522.0,False,75,345,0
Salarié,Secteur Privé,Oui,54511.0,3,823.0,True,74,381,0
Salarié Et Professionnel À Usage Privé / Rentier,Secteur Privé,Non,38108.0,4,842.0,True,83,338,0
Salarié,Secteur Privé,Non,30165.0,5,757.0,True,59,491,0
Professionnel À Usage Privé,Secteur Privé,Oui,32987.0,4,1384.0,True,79,468,0
Salarié,Secteur Privé,Non,92043.0,3,390.0,True,62,383,1
Salarié,Secteur Public,Oui,71849.0,6,703.0,True,5,342,0
Professionnel À Usage Privé,Secteur Privé,Non,52368.0,4,250.0,True,70,352,1
Professionnel À Usage Privé,Secteur Public,Non,77307.0,3,445.0,True,63,130,0
Salarié Et Professionnel À Usage Privé / Rentier,Secteur Public,Oui,12843.0,6,796.0,True,74,733,0
Salarié,Secteur Privé,Non,60768.0,4,1171.0,True,25,536,0
Salarié,Secteur Privé,Oui,29560.0,6,631.0,True,83,493,0
Professionnel À Usage Privé,Secteur Privé,Non,25371.0,6,1028.0,False,41,292,0
Salarié,Secteur Public,Oui,43292.0,5,1208.0,True,40,153,0
Salarié,Secteur Privé,Non,67846.0,4,1352.0,True,55,226,0
Professionnel À Usage Privé,Secteur Privé,Oui,39226.0,5,663.0,True,5,129,0
Salarié,Secteur Public,Non,43844.0,5,816.0,True,74,201,0
Salarié,Secteur Privé,Non,54439.0,4,559.0,True,5,393,0
Salarié,Secteur Privé,Oui,60326.0,4,1384.0,False,45,213,0
Salarié,Secteur Public,Non,58254.0,3,250.0,True,85,193,1
Salarié Et Professionnel À Usage Privé / Rentier,Secteur Public,Non,43013.0,5,712.0,True,55,405,0
Salarié,Secteur Privé,Non,53531.0,3,578.0,True,82,164,1
Salarié,Secteur Privé,Non,37096.0,6,1122.0,True,51,100,0
Professionnel À Usage Privé,Secteur Privé,Oui,41806.0,6,969.0,True,5,427,0
Salarié,Secteur Public,Non,52576.0,3,330.0,True,41,304,1
Salarié,Secteur Public,Non,19706.0,3,1582.0,True,44,461,0
Salarié,Secteur Public,Oui,16638.0,6,1696.0,False,70,227,0
Salarié,Secteur Privé,Oui,11873.0,4,847.0,True,74,279,0
Salarié,Secteur Privé,Non,93884.0,5,443.0,True,69,188,1
Salarié Et Professionnel À Usage Privé / Rentier,Secteur Public,Non,53076.0,5,507.0,True,74,251,0
Salarié,Secteur Public,Non,64994.0,5,832.0,True,46,480,0
Salarié,Secteur Public,Non,68994.0,4,1457.0,True,21,95,0
Salarié,Secteur Privé,Non,28251.0,4,926.0,True,44,269,0
Salarié Et Professionnel À Usage Privé / Rentier,Secteur Public,Non,58910.0,6,383.0,True,5,623,0
Professionnel À Usage Privé,Secteur Privé,Non,45993.0,6,1283.0,True,57,382,0
Salarié,Secteur Public,Non,13722.0,6,1248.0,False,74,415,0
Salarié Et Professionnel À Usage Privé / Rentier,Secteur Privé,Oui,66944.0,3,626.0,True,53,576,0
Salarié,Secteur Privé,Non,44996.0,4,755.0,True,75,229,0
Salarié,Secteur Privé,Oui,50693.0,6,1523.0,False,48,300,1
Salarié,Secteur Privé,Non,8000.0,3,1049.0,True,75,298,0
Salarié,Secteur Privé,Oui,30204.0,4,1218.0,True,59,606,0
Professionnel À Usage Privé,Secteur Public,Non,71761.0,7,869.0,False,91,269,0
Salarié,Secteur Privé,Non,8000.0,5,593.0,True,48,343,0
Professionnel À Usage Privé,Secteur Public,Oui,78111.0,4,1053.0,True,40,54,0
Salarié,Secteur Privé,Oui,35922.0,5,250.0,True,51,129,0
Salarié,Secteur Privé,Non,33762.0,6,1024.0,True,77,600,0
Salarié,Secteur Public,Non,57130.0,3,340.0,True,61,499,1
Salarié,Secteur Privé,Non,70732.0,3,281.0,True,121,430,1
Salarié,Secteur Privé,Non,18304.0,7,1070.0,True,52,182,0
Salarié,Secteur Privé,Non,76382.0,4,1269.0,True,19,347,0
Salarié Et Professionnel À Usage Privé / Rentier,Secteur Public,Non,40875.0,5,250.0,True,94,256,1
Salarié,Secteur Privé,Non,9454.0,5,1266.0,True,48,457,0
Salarié,Secteur Privé,Oui,33923.0,5,1252.0,True,48,405,0
Salarié Et Professionnel À Usage Privé / Rentier,Secteur Privé,Non,49587.0,6,1504.0,True,68,114,0
Salarié,Secteur Privé,Oui,51640.0,5,775.0,True,64,304,0
Salarié,Secteur Privé,Oui,40167.0,4,799.0,True,29,211,0
Salarié,Secteur Privé,Non,30754.0,3,250.0,True,73,241,1
Salarié,Secteur Public,Oui,70051.0,4,961.0,True,49,460,0
Salarié,Secteur Privé,Oui,41463.0,4,646.0,True,78,488,0
Salarié Et Professionnel À Usage Privé / Rentier,Secteur Privé,Oui,54679.0,5,1341.0,True,66,364,0
Salarié,Secteur Privé,Non,82679.0,4,1844.0,True,60,193,0
Salarié,Secteur Privé,Non,33822.0,5,1043.0,False,37,119,1
Salarié,Secteur Privé,Non,19034.0,6,1389.0,True,98,498,0
Salarié,Secteur Public,Non,11908.0,4,984.0,False,28,385,0
Salarié,Secteur Public,Non,55309.0,4,299.0,True,54,573,1
Professionnel À Usage Privé,Secteur Public,Non,34002.0,4,1292.0,False,18,229,1
Salarié Et Professionnel À Usage Privé / Rentier,Secteur Public,Non,16076.0,5,1064.0,True,38,561,0
Salarié Et Professionnel À Usage Privé / Rentier,Secteur Privé,Oui,8000.0,5,368.0,False,41,216,0
Professionnel À Usage Privé,Secteur Privé,Oui,22151.0,4,1147.0,True,93,242,0
Salarié,Secteur Privé,Oui,31431.0,4,1488.0,True,87,477,0
Salarié,Secteur Privé,Non,58982.0,4,590.0,True,67,206,0
Salarié,Secteur Privé,Non,52472.0,4,672.0,True,76,465,0
Salarié,Secteur Privé,Non,51400.0,7,905.0,True,27,229,0
Salarié Et Professionnel À Usage Privé / Rentier,Secteur Public,Oui,37356.0,7,1014.0,True,54,327,0
Salarié,Secteur Public,Non,37487.0,4,1147.0,True,83,539,0
Salarié,Secteur Privé,Oui,45999.0,7,1139.0,True,80,105,0
Professionnel À Usage Privé,Secteur Privé,Non,105851.0,4,1479.0,True,66,353,0
Professionnel À Usage Privé,Secteur Privé,Non,56334.0,5,1004.0,False,45,320,0
Salarié,Secteur Privé,Non,25540.0,5,984.0,True,57,478,0
Professionnel À Usage Privé,Secteur Privé,Non,50271.0,5,250.0,True,35,395,1
Salarié,Secteur Privé,Non,59342.0,4,282.0,True,22,229,1
Salarié,Secteur Public,Non,37941.0,6,654.0,True,77,309,0
Salarié,Secteur Privé,Non,49856.0,4,1174.0,False,77,379,0
Salarié,Secteur Privé,Non,30492.0,4,837.0,True,71,219,0
Professionnel À Usage Privé,Secteur Public,Non,24555.0,6,941.0,True,42,656,0
Professionnel À Usage Privé,Secteur Public,Non,74581.0,6,250.0,True,5,457,1
Salarié Et Professionnel À Usage Privé / Rentier,Secteur Privé,Non,31432.0,5,895.0,True,58,269,0
Salarié,Secteur Privé,Non,39710.0,6,1722.0,True,75,57,0
Salarié,Secteur Privé,Non,56069.0,5,763.0,True,6,454,0
Salarié,Secteur Privé,Non,52005.0,5,250.0,True,131,470,1
Salarié Et Professionnel À Usage Privé / Rentier,Secteur Privé,Non,47070.0,5,800.0,True,59,303,0
Professionnel À Usage Privé,Secteur Privé,Non,39570.0,4,1196.0,True,50,413,0
Salarié,Secteur Public,Non,71384.0,4,1330.0,True,115,303,0
Professionnel À Usage Privé,Secteur Privé,Oui,48052.0,7,793.0,True,32,487,0
Salarié Et Professionnel À Usage Privé / Rentier,Secteur Privé,Non,36268.0,4,250.0,False,10,231,0
Salarié,Secteur Privé,Non,73845.0,3,499.0,True,61,197,1
Professionnel À Usage Privé,Secteur Public,Non,30628.0,6,1211.0,True,40,459,0
Salarié Et Professionnel À Usage Privé / Rentier,Secteur Public,Non,79357.0,6,327.0,True,26,308,1
Salarié,Secteur Privé,Oui,56001.0,6,843.0,True,48,392,0
Salarié Et Professionnel À Usage Privé / Rentier,Secteur Privé,Non,37933.0,5,867.0,True,122,46,0
Salarié,Secteur Public,Non,21369.0,5,1842.0,True,62,76,0
Salarié,Secteur Public,Non,70566.0,4,1046.0,True,56,317,0
Professionnel À Usage Privé,Secteur Privé,Oui,42232.0,5,1120.0,False,17,273,0
Salarié Et Professionnel À Usage Privé / Rentier,Secteur Privé,Non,49549.0,5,1080.0,True,101,303,0
Salarié,Secteur Public,Non,63488.0,6,392.0,True,51,346,0
Salarié,Secteur Public,Non,55422.0,3,432.0,True,66,268,1
Professionnel À Usage Privé,Secteur Privé,Non,86431.0,6,1079.0,True,69,10,0
Salarié,Secteur Public,Non,50286.0,6,1179.0,True,44,455,0
Salarié,Secteur Public,Oui,68609.0,4,744.0,True,53,162,0
Salarié Et Professionnel À Usage Privé / Rentier,Secteur Public,Oui,53547.0,4,881.0,True,71,175,0
Salarié Et Professionnel À Usage Privé / Rentier,Secteur Public,Oui,49286.0,3,790.0,True,55,437,0
Salarié,Secteur Privé,Non,8000.0,5,1174.0,True,41,23,0
Salarié,Secteur Public,Oui,53159.0,4,949.0,True,94,639,0
Salarié,Secteur Privé,Non,11824.0,4,433.0,False,59,455,0
Salarié,Secteur Privé,Non,42362.0,5,1081.0,True,66,277,0
Salarié,Secteur Public,Non,68204.0,5,519.0,True,22,149,0
Professionnel À Usage Privé,Secteur Public,Non,27601.0,4,1202.0,True,20,491,0
Professionnel À Usage Privé,Secteur Privé,Oui,79860.0,4,623.0,True,5,368,0
Salarié Et Professionnel À Usage Privé / Rentier,Secteur Public,Non,21640.0,4,699.0,True,34,292,0
Salarié,Secteur Privé,Oui,36383.0,6,1456.0,True,41,405,0
Professionnel À Usage Privé,Secteur Public,Oui,50273.0,5,930.0,True,69,400,0
Salarié,Secteur Public,Non,55480.0,4,991.0,True,39,133,0
Salarié Et Professionnel À Usage Privé / Rentier,Secteur Public,Non,54805.0,4,250.0,True,57,398,1
Salarié,Secteur Privé,Non,35411.0,6,757.0,False,40,138,1
Professionnel À Usage Privé,Secteur Privé,Non,36512.0,7,1312.0,True,40,255,0
Salarié,Secteur Privé,Non,24356.0,5,1171.0,True,29,467,0
Salarié,Secteur Privé,Non,44931.0,5,1432.0,True,47,39,0
Salarié,Secteur Privé,Non,62735.0,5,1056.0,True,61,88,0
Salarié Et Professionnel À Usage Privé / Rentier,Secteur Privé,Non,41299.0,6,694.0,True,5,310,0
Professionnel À Usage Privé,Secteur Public,Oui,63884.0,6,994.0,False,23,304,1
Salarié Et Professionnel À Usage Privé / Rentier,Secteur Public,Non,58496.0,5,685.0,True,57,482,0
Professionnel À Usage Privé,Secteur Privé,Non,47862.0,6,849.0,True,59,500,0
Salarié Et Professionnel À Usage Privé / Rentier,Secteur Privé,Non,57948.0,4,1053.0,True,26,524,0
Salarié,Secteur Privé,Non,36674.0,7,531.0,True,94,185,0
Salarié Et Professionnel À Usage Privé / Rentier,Secteur Public,Non,43667.0,4,857.0,True,98,266,0
Salarié,Secteur Privé,Oui,27257.0,6,1408.0,True,45,488,0
Salarié,Secteur Privé,Non,31538.0,6,1149.0,True,45,312,0
Professionnel À Usage Privé,Secteur Privé,Non,16613.0,4,1242.0,True,38,364,0
Salarié,Secteur Public,Non,45691.0,5,1245.0,True,94,536,0
Professionnel À Usage Privé,Secteur Privé,Oui,42944.0,3,1298.0,True,48,147,0
Salarié,Secteur Public,Oui,29126.0,5,922.0,True,80,82,0
Salarié,Secteur Privé,Non,62490.0,5,1088.0,False,48,35,0
Salarié Et Professionnel À Usage Privé / Rentier,Secteur Privé,Non,14923.0,4,554.0,True,60,270,0
Salarié,Secteur Privé,Non,30391.0,3,250.0,True,87,142,1
Salarié,Secteur Privé,Non,8000.0,6,482.0,False,9,317,0
Salarié,Secteur Privé,Non,19576.0,4,1570.0,True,39,559,0
Salarié,Secteur Privé,Non,56707.0,7,1153.0,False,55,309,0
Salarié,Secteur Privé,Oui,62179.0,5,1216.0,True,68,239,0
Salarié,Secteur Privé,Non,38538.0,4,250.0,False,46,302,1
Professionnel À Usage Privé,Secteur Public,Non,48637.0,6,680.0,True,13,224,0
Salarié Et Professionnel À Usage Privé / Rentier,Secteur Privé,Non,82623.0,3,312.0,True,83,503,1
Professionnel À Usage Privé,Secteur Privé,Non,50197.0,4,926.0,True,78,167,0
Professionnel À Usage Privé,Secteur Privé,Oui,28767.0,7,885.0,False,50,263,0
Salarié,Secteur Privé,Non,36013.0,7,1217.0,True,94,466,0
Salarié,Secteur Privé,Oui,51942.0,3,1100.0,True,17,203,0
Professionnel À Usage Privé,Secteur Public,Non,43640.0,6,747.0,True,32,381,0
Salarié,Secteur Privé,Oui,41897.0,5,1260.0,True,54,593,0
Professionnel À Usage Privé,Secteur Privé,Oui,39687.0,5,664.0,False,42,362,0
Salarié,Secteur Privé,Oui,38840.0,5,699.0,True,44,374,0
Professionnel À Usage Privé,Secteur Privé,Non,40590.0,6,817.0,True,49,501,0
Salarié,Secteur Privé,Oui,40796.0,4,1320.0,True,38,162,0
Salarié Et Professionnel À Usage Privé / Rentier,Secteur Privé,Non,64328.0,7,894.0,True,57,460,0
Salarié Et Professionnel À Usage Privé / Rentier,Secteur Privé,Non,31709.0,5,1346.0,False,28,359,0
Professionnel À Usage Privé,Secteur Privé,Non,56531.0,3,261.0,True,39,317,1
Professionnel À Usage Privé,Secteur Privé,Non,20330.0,3,875.0,True,37,359,0
Salarié,Secteur Privé,Oui,63991.0,4,578.0,True,41,385,0
Salarié Et Professionnel À Usage Privé / Rentier,Secteur Privé,Non,40518.0,4,674.0,True,22,406,0
Salarié,Secteur Privé,Non,40114.0,4,1649.0,True,83,307,0
Salarié,Secteur Privé,Non,42948.0,5,992.0,False,47,313,0
Professionnel À Usage Privé,Secteur Privé,Non,40660.0,7,1024.0,True,31,190,0
Salarié,Secteur Privé,Oui,56525.0,5,1598.0,False,63,190,1
Professionnel À Usage Privé,Secteur Privé,Non,48799.0,5,878.0,True,76,179,0
Salarié,Secteur Privé,Non,45769.0,4,554.0,False,70,533,0
Professionnel À Usage Privé,Secteur Public,Non,23983.0,4,690.0,True,77,346,0
Salarié,Secteur Privé,Non,43880.0,5,1200.0,False,57,348,0
Salarié,Secteur Public,Non,55621.0,4,547.0,True,66,307,0
Salarié,Secteur Privé,Non,8000.0,3,984.0,True,75,278,0
Salarié,Secteur Privé,Oui,53666.0,3,1135.0,True,16,298,0
Salarié,Secteur Privé,Non,66389.0,3,435.0,True,43,270,1
Professionnel À Usage Privé,Secteur Public,Oui,55393.0,6,1159.0,False,96,345,0
Salarié,Secteur Public,Non,44159.0,5,1098.0,True,104,396,0
Salarié,Secteur Privé,Non,59224.0,3,1636.0,True,64,369,0
Salarié Et Professionnel À Usage Privé / Rentier,Secteur Public,Non,18027.0,5,1700.0,True,96,597,0
Professionnel À Usage Privé,Secteur Privé,Non,38417.0,6,922.0,True,68,651,0
Professionnel À Usage Privé,Secteur Privé,Non,48012.0,7,933.0,True,78,406,0
Professionnel À Usage Privé,Secteur Public,Non,79562.0,7,782.0,False,52,249,0
Salarié,Secteur Privé,Oui,49463.0,5,1547.0,False,52,468,0
Salarié,Secteur Privé,Oui,8475.0,6,1361.0,True,78,62,0
Salarié,Secteur Privé,Non,39764.0,5,1736.0,True,81,106,0
Salarié,Secteur Public,Non,35829.0,6,1361.0,True,94,361,0
Salarié,Secteur Public,Non,41078.0,6,1069.0,True,86,237,0
Salarié,Secteur Privé,Oui,49710.0,7,892.0,True,97,256,0
Salarié,Secteur Public,Oui,53429.0,5,1326.0,True,43,580,0
Salarié Et Professionnel À Usage Privé / Rentier,Secteur Privé,Non,50914.0,6,1269.0,True,74,431,0
Salarié Et Professionnel À Usage Privé / Rentier,Secteur Privé,Oui,70555.0,5,1120.0,True,77,328,0
Salarié,Secteur Privé,Oui,43536.0,4,503.0,True,34,31,0
Professionnel À Usage Privé,Secteur Privé,Oui,26419.0,5,836.0,True,33,420,0
Professionnel À Usage Privé,Secteur Public,Oui,77283.0,5,875.0,False,46,431,1
Salarié,Secteur Privé,Oui,35817.0,6,845.0,True,58,491,0
Salarié,Secteur Privé,Non,48877.0,6,983.0,False,62,268,0
Professionnel À Usage Privé,Secteur Public,Non,55274.0,4,498.0,True,64,101,0
Salarié,Secteur Public,Non,56048.0,4,458.0,True,66,468,1
Salarié,Secteur Privé,Oui,19904.0,5,939.0,True,80,494,0
Salarié,Secteur Privé,Non,46970.0,5,1400.0,False,29,33,0
Salarié Et Professionnel À Usage Privé / Rentier,Secteur Privé,Oui,27476.0,4,963.0,True,45,393,0
Salarié,Secteur Privé,Non,41302.0,4,250.0,True,33,273,1
Salarié,Secteur Privé,Non,53175.0,3,567.0,True,63,335,0
Salarié,Secteur Privé,Non,50087.0,5,620.0,True,52,450,0
Salarié Et Professionnel À Usage Privé / Rentier,Secteur Privé,Non,54959.0,4,1153.0,False,74,314,0
Salarié,Secteur Privé,Non,43652.0,6,878.0,False,45,639,0
Salarié,Secteur Privé,Non,69000.0,5,1689.0,True,87,404,0
Salarié,Secteur Privé,Non,22474.0,3,1101.0,True,81,290,0
Salarié,Secteur Privé,Non,34446.0,4,1356.0,False,39,223,1
Salarié,Secteur Privé,Non,49171.0,4,285.0,True,44,304,1
Salarié Et Professionnel À Usage Privé / Rentier,Secteur Privé,Non,41341.0,4,250.0,True,101,505,1
Salarié,Secteur Privé,Non,33319.0,4,1197.0,True,108,226,0
Professionnel À Usage Privé,Secteur Public,Non,50843.0,6,1405.0,True,27,290,0
Salarié,Secteur Privé,Non,39390.0,5,1124.0,True,41,580,0
Salarié,Secteur Privé,Non,42333.0,5,854.0,False,53,233,0
Salarié,Secteur Privé,Non,31771.0,5,1593.0,True,78,344,0
Salarié,Secteur Privé,Non,73262.0,4,666.0,True,103,314,0
Professionnel À Usage Privé,Secteur Privé,Non,46132.0,5,909.0,True,80,404,0
Salarié,Secteur Privé,Non,28175.0,4,1224.0,False,35,290,1
Salarié,Secteur Privé,Oui,53025.0,4,623.0,True,96,613,0
Salarié,Secteur Privé,Non,30856.0,3,250.0,True,17,654,1
Salarié,Secteur Public,Non,8000.0,5,976.0,False,21,401,0
Professionnel À Usage Privé,Secteur Privé,Non,50492.0,5,1280.0,True,59,443,0
Salarié,Secteur Privé,Oui,64173.0,7,852.0,False,48,336,0
Salarié,Secteur Privé,Non,42616.0,5,811.0,True,70,448,0
Salarié,Secteur Privé,Non,17531.0,5,1160.0,True,42,81,0
Salarié,Secteur Privé,Oui,67807.0,5,754.0,True,47,264,0
Salarié,Secteur Privé,Oui,73339.0,4,962.0,True,59,142,0
Professionnel À Usage Privé,Secteur Privé,Non,58893.0,4,750.0,True,75,574,0
Salarié Et Professionnel À Usage Privé / Rentier,Secteur Privé,Non,52042.0,4,689.0,True,23,432,0
Salarié Et Professionnel À Usage Privé / Rentier,Secteur Privé,Oui,38978.0,4,813.0,True,59,364,0
Professionnel À Usage Privé,Secteur Public,Oui,55019.0,4,729.0,True,61,137,0
Salarié Et Professionnel À Usage Privé / Rentier,Secteur Privé,Non,67278.0,4,1063.0,True,33,374,0
Salarié,Secteur Privé,Non,41034.0,6,1138.0,True,55,268,0
Salarié,Secteur Privé,Non,63531.0,6,698.0,True,44,418,0
Salarié Et Professionnel À Usage Privé / Rentier,Secteur Public,Oui,68007.0,3,972.0,True,60,286,0
Salarié,Secteur Privé,Non,65432.0,4,288.0,True,58,304,1
Salarié,Secteur Privé,Non,51688.0,4,893.0,False,24,220,0
Salarié,Secteur Privé,Oui,23752.0,4,1395.0,True,6,85,0
Salarié,Secteur Public,Non,60520.0,5,1478.0,True,78,431,0
Salarié Et Professionnel À Usage Privé / Rentier,Secteur Privé,Non,70724.0,6,314.0,True,48,218,0
Professionnel À Usage Privé,Secteur Privé,Oui,33656.0,5,962.0,True,81,297,0
Salarié,Secteur Public,Non,52867.0,3,775.0,True,56,391,0
Professionnel À Usage Privé,Secteur Public,Oui,64839.0,5,711.0,True,70,584,0
Salarié,Secteur Public,Oui,48887.0,7,903.0,True,41,645,0
Salarié,Secteur Privé,Non,58284.0,6,536.0,True,93,189,0
Salarié,Secteur Privé,Non,46903.0,5,1150.0,True,60,312,0
Professionnel À Usage Privé,Secteur Public,Non,37432.0,7,831.0,True,72,280,0
Salarié Et Professionnel À Usage Privé / Rentier,Secteur Privé,Non,67307.0,3,357.0,True,82,336,1
Salarié Et Professionnel À Usage Privé / Rentier,Secteur Privé,Non,52258.0,4,1140.0,False,71,534,1
Salarié Et Professionnel À Usage Privé / Rentier,Secteur Privé,Non,62922.0,6,1183.0,True,81,291,0
Salarié,Secteur Privé,Non,39053.0,6,1067.0,True,59,340,0
Salarié,Secteur Privé,Non,57322.0,5,651.0,True,76,381,0
Salarié,Secteur Public,Oui,60104.0,5,1347.0,True,53,132,0
Salarié,Secteur Privé,Oui,39853.0,3,1240.0,True,41,261,0
Salarié Et Professionnel À Usage Privé / Rentier,Secteur Privé,Oui,31579.0,5,824.0,True,99,324,0
Salarié,Secteur Privé,Non,57553.0,5,931.0,True,134,688,0
Salarié Et Professionnel À Usage Privé / Rentier,Secteur Privé,Non,25987.0,5,543.0,True,60,489,0
Salarié,Secteur Public,Non,17957.0,5,787.0,True,37,501,0
Salarié,Secteur Privé,Non,68507.0,7,1079.0,False,28,181,0
Salarié,Secteur Public,Non,81182.0,5,285.0,True,40,266,1
Salarié,Secteur Privé,Non,24719.0,5,785.0,True,69,429,0
Salarié Et Professionnel À Usage Privé / Rentier,Secteur Privé,Non,75686.0,6,864.0,True,85,312,0
Salarié,Secteur Privé,Non,31669.0,5,935.0,False,32,353,1
Salarié,Secteur Privé,Non,72217.0,6,1055.0,True,105,161,0
Salarié Et Professionnel À Usage Privé / Rentier,Secteur Privé,Oui,72488.0,3,827.0,True,67,259,0
Salarié Et Professionnel À Usage Privé / Rentier,Secteur Privé,Oui,37871.0,5,1456.0,True,59,299,0
Salarié,Secteur Public,Non,68900.0,6,1193.0,True,103,415,0
Professionnel À Usage Privé,Secteur Privé,Non,23975.0,6,1129.0,True,81,279,0
Salarié,Secteur Privé,Non,44114.0,4,582.0,True,23,448,0
Salarié Et Professionnel À Usage Privé / Rentier,Secteur Privé,Non,40330.0,7,887.0,True,40,383,0
Salarié,Secteur Public,Non,60109.0,6,1132.0,True,37,632,0
Salarié,Secteur Public,Oui,61539.0,5,250.0,True,62,329,0
Salarié,Secteur Privé,Non,54565.0,4,990.0,True,65,214,0
Salarié,Secteur Privé,Oui,71803.0,4,1846.0,True,55,342,0
Salarié Et Professionnel À Usage Privé / Rentier,Secteur Public,Non,58634.0,5,1057.0,False,52,232,1
Salarié,Secteur Privé,Oui,61244.0,6,713.0,True,61,500,0
Salarié Et Professionnel À Usage Privé / Rentier,Secteur Privé,Non,54885.0,5,663.0,True,66,246,0
Salarié,Secteur Privé,Oui,42099.0,5,1078.0,True,8,498,0
Professionnel À Usage Privé,Secteur Privé,Non,41485.0,3,250.0,False,62,281,0
Salarié,Secteur Privé,Non,36254.0,7,1875.0,True,5,747,0
Salarié Et Professionnel À Usage Privé / Rentier,Secteur Privé,Non,95986.0,5,855.0,True,25,179,0
Professionnel À Usage Privé,Secteur Privé,Oui,74932.0,3,943.0,True,22,527,0
Professionnel À Usage Privé,Secteur Public,Oui,38342.0,6,612.0,True,78,62,0
Salarié Et Professionnel À Usage Privé / Rentier,Secteur Public,Oui,41977.0,6,1383.0,True,34,108,0
Salarié Et Professionnel À Usage Privé / Rentier,Secteur Privé,Non,40916.0,6,573.0,True,52,280,0
Salarié,Secteur Privé,Non,80014.0,4,337.0,True,79,615,1
Salarié Et Professionnel À Usage Privé / Rentier,Secteur Privé,Non,48241.0,3,398.0,True,64,10,1
Professionnel À Usage Privé,Secteur Privé,Non,68692.0,4,907.0,True,28,319,0
Salarié,Secteur Privé,Non,64061.0,4,1233.0,True,117,403,0
Professionnel À Usage Privé,Secteur Privé,Oui,59408.0,4,1927.0,True,5,502,0
Salarié,Secteur Privé,Non,41304.0,7,1252.0,True,96,165,0
Salarié,Secteur Privé,Oui,63909.0,5,950.0,True,36,70,0
Salarié,Secteur Public,Oui,45677.0,6,1264.0,True,33,474,0
Salarié,Secteur Privé,Non,49124.0,6,877.0,True,16,440,0
Salarié Et Professionnel À Usage Privé / Rentier,Secteur Public,Non,47778.0,5,1051.0,True,69,461,0
Salarié,Secteur Privé,Non,65055.0,4,1079.0,True,46,431,0
Salarié,Secteur Privé,Non,73337.0,3,660.0,True,76,481,1
Salarié,Secteur Privé,Oui,25436.0,4,1020.0,False,54,358,0
Professionnel À Usage Privé,Secteur Privé,Non,36922.0,3,822.0,True,29,408,0
Salarié Et Professionnel À Usage Privé / Rentier,Secteur Privé,Non,51309.0,3,292.0,True,81,462,1
Salarié Et Professionnel À Usage Privé / Rentier,Secteur Privé,Non,30175.0,3,1192.0,True,26,263,0
Salarié,Secteur Privé,Oui,44773.0,5,859.0,True,63,354,0
Salarié Et Professionnel À Usage Privé / Rentier,Secteur Privé,Non,10688.0,5,1622.0,True,98,429,0
Salarié,Secteur Public,Non,32281.0,4,1239.0,False,48,400,0
Salarié,Secteur Privé,Non,41904.0,6,1201.0,True,80,189,0
Salarié,Secteur Public,Oui,46313.0,5,988.0,True,63,475,0
Professionnel À Usage Privé,Secteur Privé,Non,42841.0,4,1923.0,True,44,486,0
Professionnel À Usage Privé,Secteur Public,Oui,40198.0,5,250.0,False,39,570,0
Salarié Et Professionnel À Usage Privé / Rentier,Secteur Public,Non,41837.0,4,1195.0,True,42,592,0
Salarié Et Professionnel À Usage Privé / Rentier,Secteur Public,Non,50279.0,5,678.0,True,33,184,0
Salarié,Secteur Privé,Oui,53854.0,5,1217.0,True,69,379,0
Salarié,Secteur Public,Non,49995.0,7,485.0,True,78,389,0
Salarié Et Professionnel À Usage Privé / Rentier,Secteur Privé,Non,43541.0,4,1063.0,True,63,501,0
Salarié Et Professionnel À Usage Privé / Rentier,Secteur Public,Non,89299.0,3,540.0,True,8,528,1
Professionnel À Usage Privé,Secteur Public,Oui,40924.0,6,878.0,False,5,152,0
Salarié,Secteur Public,Non,42064.0,4,1447.0,True,54,334,0
Salarié,Secteur Privé,Non,62586.0,5,884.0,True,21,404,0
Professionnel À Usage Privé,Secteur Privé,Non,27259.0,5,871.0,True,45,350,0
Salarié,Secteur Privé,Non,21375.0,6,844.0,False,34,389,0
Salarié,Secteur Privé,Non,68155.0,4,744.0,True,76,309,0
Professionnel À Usage Privé,Secteur Privé,Non,93968.0,4,1522.0,True,89,272,0
Salarié Et Professionnel À Usage Privé / Rentier,Secteur Privé,Oui,40868.0,4,901.0,True,126,396,0
Salarié,Secteur Privé,Non,46683.0,4,784.0,True,75,351,0
Salarié,Secteur Privé,Non,52775.0,3,858.0,True,86,169,0
Professionnel À Usage Privé,Secteur Privé,Non,29792.0,6,1338.0,True,25,321,0
Salarié,Secteur Privé,Non,8000.0,4,728.0,True,125,530,0
Salarié,Secteur Privé,Non,56184.0,7,1470.0,True,38,517,0
Salarié,Secteur Public,Non,41858.0,7,1160.0,False,42,441,0
Salarié Et Professionnel À Usage Privé / Rentier,Secteur Privé,Non,58784.0,7,943.0,True,25,97,0
Salarié,Secteur Privé,Non,29212.0,7,1292.0,True,90,288,0
Salarié,Secteur Privé,Non,66471.0,7,1491.0,True,49,278,0
Salarié,Secteur Privé,Non,42354.0,5,840.0,True,70,326,0
Salarié,Secteur Public,Non,34226.0,6,563.0,True,61,286,0
Salarié,Secteur Public,Non,22253.0,7,802.0,True,45,478,0
Salarié,Secteur Privé,Oui,41305.0,7,1100.0,True,58,372,0
Salarié,Secteur Privé,Non,43184.0,4,540.0,True,102,123,0
Salarié,Secteur Public,Non,49770.0,6,1168.0,True,98,269,0
Salarié,Secteur Privé,Non,35727.0,5,1261.0,True,47,164,0
Professionnel À Usage Privé,Secteur Privé,Oui,77602.0,6,617.0,True,36,451,0
Salarié,Secteur Privé,Non,46044.0,4,599.0,True,50,460,0
Salarié Et Professionnel À Usage Privé / Rentier,Secteur Privé,Non,33731.0,5,814.0,True,122,414,0
Salarié Et Professionnel À Usage Privé / Rentier,Secteur Public,Non,45601.0,6,1054.0,False,22,302,0
Salarié,Secteur Privé,Non,51167.0,4,895.0,True,22,675,0
Salarié,Secteur Privé,Oui,33074.0,6,1034.0,True,31,448,0
Salarié Et Professionnel À Usage Privé / Rentier,Secteur Privé,Non,15364.0,4,1912.0,False,69,264,0
Salarié,Secteur Public,Oui,52885.0,6,773.0,True,124,216,0
Salarié,Secteur Privé,Non,72591.0,6,1657.0,True,15,293,0
Salarié,Secteur Privé,Non,40667.0,7,1333.0,True,46,121,0
Salarié,Secteur Public,Non,53132.0,6,1089.0,True,100,266,0
Salarié Et Professionnel À Usage Privé / Rentier,Secteur Privé,Oui,38875.0,4,910.0,True,65,421,0
Salarié,Secteur Privé,Non,71668.0,3,850.0,True,49,593,0
Professionnel À Usage Privé,Secteur Public,Oui,14039.0,5,653.0,True,92,232,0
Professionnel À Usage Privé,Secteur Privé,Oui,65256.0,3,805.0,True,77,295,0
Salarié,Secteur Public,Non,30501.0,5,725.0,False,34,329,0
Salarié,Secteur Privé,Non,38217.0,5,1376.0,True,135,204,0
Salarié,Secteur Privé,Oui,29978.0,5,539.0,True,91,303,0
Salarié,Secteur Public,Non,75231.0,3,583.0,True,7,301,1
Salarié,Secteur Public,Non,72880.0,4,1222.0,True,73,301,0
Salarié,Secteur Privé,Oui,34507.0,6,828.0,True,52,135,0
Salarié,Secteur Privé,Non,8000.0,3,933.0,True,53,458,0
Salarié,Secteur Privé,Non,54937.0,5,1143.0,True,22,366,0
Salarié,Secteur Public,Oui,51284.0,4,870.0,False,36,68,0
Salarié,Secteur Privé,Non,50340.0,5,1234.0,True,110,385,0
Professionnel À Usage Privé,Secteur Privé,Non,31413.0,5,1428.0,False,61,439,0
Salarié,Secteur Privé,Oui,50657.0,6,1121.0,True,74,234,0
Salarié,Secteur Privé,Oui,53448.0,7,560.0,True,38,312,0
Salarié Et Professionnel À Usage Privé / Rentier,Secteur Privé,Non,42650.0,5,858.0,True,39,109,0
Salarié,Secteur Privé,Oui,48246.0,4,816.0,True,79,343,0
Professionnel À Usage Privé,Secteur Public,Non,36930.0,7,1409.0,False,52,505,1
Salarié Et Professionnel À Usage Privé / Rentier,Secteur Public,Non,31172.0,4,1217.0,True,47,254,0
Salarié,Secteur Public,Non,71490.0,5,1164.0,True,55,355,0
Salarié,Secteur Privé,Oui,16840.0,5,1205.0,True,80,360,0
Salarié,Secteur Public,Non,70571.0,4,1022.0,True,60,197,0
Salarié Et Professionnel À Usage Privé / Rentier,Secteur Public,Non,25372.0,5,1609.0,False,48,348,0
Salarié,Secteur Privé,Non,36934.0,5,1765.0,True,5,265,0
Professionnel À Usage Privé,Secteur Privé,Oui,46528.0,4,1217.0,True,51,428,0
Salarié,Secteur Public,Oui,52035.0,5,522.0,True,73,546,0
Salarié,Secteur Privé,Oui,23952.0,5,922.0,True,23,133,0
Professionnel À Usage Privé,Secteur Privé,Non,8992.0,5,893.0,True,75,132,0
Professionnel À Usage Privé,Secteur Privé,Oui,45043.0,5,1210.0,True,45,415,0
Salarié,Secteur Privé,Non,44196.0,6,1500.0,False,42,337,0
Salarié,Secteur Privé,Non,69955.0,4,1027.0,True,71,410,0
Professionnel À Usage Privé,Secteur Privé,Non,32466.0,4,1148.0,True,43,282,0
Salarié,Secteur Public,Oui,46632.0,6,257.0,True,73,599,0
Professionnel À Usage Privé,Secteur Public,Oui,19804.0,5,922.0,False,29,674,0
Salarié,Secteur Privé,Non,43242.0,4,1246.0,True,76,114,0
Salarié Et Professionnel À Usage Privé / Rentier,Secteur Privé,Oui,60859.0,5,1113.0,True,25,331,0
Salarié,Secteur Privé,Non,32930.0,5,1010.0,False,38,285,0
Salarié Et Professionnel À Usage Privé / Rentier,Secteur Privé,Non,37738.0,4,250.0,False,10,152,1
Salarié,Secteur Privé,Non,23734.0,6,345.0,True,21,428,0
Salarié,Secteur Privé,Oui,57752.0,4,874.0,True,56,413,0
Professionnel À Usage Privé,Secteur Privé,Oui,74256.0,5,818.0,True,93,525,0
Salarié Et Professionnel À Usage Privé / Rentier,Secteur Privé,Non,71134.0,7,765.0,False,39,459,0
Professionnel À Usage Privé,Secteur Privé,Non,45360.0,4,706.0,True,94,486,0
Salarié,Secteur Privé,Non,12187.0,5,534.0,False,52,395,0
Salarié Et Professionnel À Usage Privé / Rentier,Secteur Privé,Non,23088.0,5,799.0,True,44,401,0
Salarié,Secteur Public,Non,8000.0,4,799.0,False,69,360,1
Salarié,Secteur Privé,Non,67350.0,5,1029.0,True,39,545,0
Professionnel À Usage Privé,Secteur Public,Oui,44521.0,3,1052.0,False,44,370,1
Salarié Et Professionnel À Usage Privé / Rentier,Secteur Public,Non,22423.0,5,858.0,True,71,84,0
Professionnel À Usage Privé,Secteur Privé,Non,59420.0,4,1025.0,True,43,401,0
Salarié Et Professionnel À Usage Privé / Rentier,Secteur Privé,Non,53596.0,6,1034.0,True,52,421,0
Salarié,Secteur Privé,Non,60632.0,4,1271.0,False,66,495,0
Salarié,Secteur Privé,Oui,49039.0,4,1038.0,False,53,370,0
Salarié Et Professionnel À Usage Privé / Rentier,Secteur Privé,Non,56722.0,6,1458.0,True,23,360,0
Salarié,Secteur Privé,Non,53130.0,6,763.0,True,34,469,0
Professionnel À Usage Privé,Secteur Public,Non,28029.0,3,1170.0,True,63,559,0
Salarié Et Professionnel À Usage Privé / Rentier,Secteur Privé,Non,29163.0,5,1054.0,True,33,49,0
Salarié,Secteur Public,Non,47569.0,4,505.0,False,66,296,1
Salarié,Secteur Public,Non,12033.0,7,1097.0,False,51,394,1
Salarié,Secteur Privé,Non,34237.0,6,1514.0,True,67,564,0
Salarié,Secteur Public,Non,41714.0,6,1664.0,True,59,323,0
Salarié,Secteur Privé,Non,37739.0,3,719.0,False,21,397,0
Salarié,Secteur Privé,Non,42247.0,5,756.0,True,49,164,0
Professionnel À Usage Privé,Secteur Privé,Oui,79904.0,4,1855.0,False,34,301,0
Salarié,Secteur Privé,Non,37120.0,6,679.0,True,66,586,0
Salarié Et Professionnel À Usage Privé / Rentier,Secteur Privé,Non,35735.0,4,638.0,True,5,431,0
Salarié,Secteur Privé,Oui,33010.0,3,1009.0,True,96,211,0
Professionnel À Usage Privé,Secteur Public,Non,34481.0,4,1490.0,True,64,473,0
Salarié,Secteur Privé,Non,30876.0,5,1262.0,True,63,445,0
Professionnel À Usage Privé,Secteur Public,Non,37951.0,5,1134.0,True,65,250,0
Salarié Et Professionnel À Usage Privé / Rentier,Secteur Privé,Non,39975.0,4,524.0,False,61,310,0
Professionnel À Usage Privé,Secteur Public,Non,45466.0,7,481.0,True,90,410,0
Salarié,Secteur Public,Non,57476.0,6,916.0,True,69,269,0
Salarié,Secteur Privé,Oui,41242.0,5,1110.0,False,58,150,0
Professionnel À Usage Privé,Secteur Privé,Non,35909.0,5,546.0,True,105,222,0
Professionnel À Usage Privé,Secteur Privé,Non,31635.0,3,1116.0,True,21,424,0
Salarié Et Professionnel À Usage Privé / Rentier,Secteur Public,Non,47431.0,3,1233.0,True,58,375,0
Salarié Et Professionnel À Usage Privé / Rentier,Secteur Privé,Non,64995.0,4,1175.0,True,72,225,0
Salarié,Secteur Privé,Oui,45816.0,5,780.0,True,96,479,0
Salarié,Secteur Privé,Non,59333.0,6,826.0,True,40,401,0
Salarié,Secteur Privé,Non,62375.0,5,989.0,True,27,524,0
Salarié,Secteur Public,Non,34794.0,6,1277.0,True,83,468,0
Professionnel À Usage Privé,Secteur Public,Non,65681.0,5,1097.0,False,58,360,0
Salarié Et Professionnel À Usage Privé / Rentier,Secteur Privé,Oui,43186.0,6,839.0,True,59,634,0
Salarié Et Professionnel À Usage Privé / Rentier,Secteur Public,Oui,8000.0,7,1154.0,True,53,126,0
Salarié,Secteur Public,Non,63380.0,5,250.0,True,61,253,1
Salarié,Secteur Public,Oui,20834.0,5,1191.0,True,81,449,0
Professionnel À Usage Privé,Secteur Privé,Oui,32795.0,6,1322.0,True,96,35,0
Salarié,Secteur Privé,Oui,47302.0,6,1543.0,True,5,303,0
Salarié,Secteur Privé,Non,50100.0,3,346.0,True,36,288,1
Salarié,Secteur Privé,Oui,26035.0,7,975.0,True,33,275,0
Salarié,Secteur Public,Non,38728.0,6,590.0,True,85,358,0
Salarié Et Professionnel À Usage Privé / Rentier,Secteur Privé,Non,56207.0,4,1445.0,True,63,181,0
Salarié,Secteur Public,Non,36061.0,5,1019.0,True,108,241,0
Salarié,Secteur Privé,Non,48114.0,3,348.0,True,61,176,1
Salarié Et Professionnel À Usage Privé / Rentier,Secteur Public,Non,54648.0,5,1075.0,True,78,319,0
Salarié,Secteur Privé,Non,59976.0,4,1055.0,True,7,407,0
Salarié,Secteur Privé,Non,31556.0,5,1135.0,True,51,102,0
Salarié,Secteur Privé,Non,44733.0,5,890.0,True,68,374,0
Salarié Et Professionnel À Usage Privé / Rentier,Secteur Public,Oui,29622.0,4,876.0,True,74,325,0
Salarié,Secteur Public,Non,58126.0,3,614.0,True,78,474,1
Salarié,Secteur Privé,Non,67318.0,4,1112.0,False,57,129,0
Salarié Et Professionnel À Usage Privé / Rentier,Secteur Privé,Non,24370.0,7,1277.0,True,32,377,0
Salarié,Secteur Public,Oui,44325.0,6,580.0,True,68,313,0
Salarié Et Professionnel À Usage Privé / Rentier,Secteur Privé,Non,37106.0,4,1475.0,True,81,83,0
Salarié Et Professionnel À Usage Privé / Rentier,Secteur Public,Non,42904.0,5,1374.0,True,74,437,0
Salarié,Secteur Privé,Non,47720.0,5,1414.0,True,118,490,0
Salarié,Secteur Privé,Oui,59322.0,5,899.0,True,66,267,0
Salarié Et Professionnel À Usage Privé / Rentier,Secteur Privé,Non,28797.0,6,557.0,False,81,432,0
Salarié,Secteur Public,Non,35658.0,4,583.0,True,73,477,0
Salarié,Secteur Public,Oui,51993.0,4,1273.0,True,65,417,0
Professionnel À Usage Privé,Secteur Privé,Non,46692.0,5,456.0,False,38,168,0
Salarié,Secteur Privé,Non,45676.0,4,901.0,True,12,171,0
Salarié,Secteur Privé,Non,72280.0,4,853.0,True,82,499,0
Salarié,Secteur Privé,Oui,26245.0,3,1277.0,True,57,416,0
Salarié,Secteur Privé,Non,51739.0,7,909.0,False,75,394,0
Salarié Et Professionnel À Usage Privé / Rentier,Secteur Public,Non,45333.0,4,250.0,True,44,367,1
Salarié,Secteur Privé,Non,64942.0,5,1003.0,True,69,302,0
Salarié,Secteur Privé,Non,58028.0,5,764.0,True,72,271,0
Salarié,Secteur Privé,Non,12845.0,5,1106.0,True,103,596,0
Salarié,Secteur Public,Non,75708.0,4,641.0,True,47,447,0
Salarié Et Professionnel À Usage Privé / Rentier,Secteur Privé,Oui,28132.0,7,809.0,True,5,356,0
Professionnel À Usage Privé,Secteur Privé,Non,66526.0,6,1122.0,True,34,490,0
Salarié,Secteur Public,Non,77559.0,6,510.0,True,71,121,0
Salarié,Secteur Privé,Non,60451.0,3,250.0,True,55,278,1
Professionnel À Usage Privé,Secteur Privé,Non,62578.0,7,304.0,True,92,437,0
Salarié,Secteur Public,Non,36428.0,4,1165.0,True,44,288,0
Salarié,Secteur Privé,Non,72119.0,4,422.0,True,28,342,1
Salarié Et Professionnel À Usage Privé / Rentier,Secteur Privé,Non,42012.0,5,504.0,True,77,62,0
Salarié,Secteur Privé,Non,74609.0,4,739.0,True,29,177,0
Professionnel À Usage Privé,Secteur Privé,Non,61320.0,3,399.0,True,37,425,1
Salarié,Secteur Public,Oui,36392.0,4,1874.0,True,77,375,0
Salarié,Secteur Privé,Non,8000.0,4,882.0,True,18,191,0
Salarié,Secteur Public,Non,32556.0,5,1276.0,True,42,628,0
Professionnel À Usage Privé,Secteur Privé,Non,31201.0,4,561.0,True,42,439,0
Salarié Et Professionnel À Usage Privé / Rentier,Secteur Privé,Non,65618.0,3,1285.0,True,100,437,0
